param_129,param_59,param_111,param_28,param_316,outcome,wafer_id
-0.0473,-1.7264,231.2012,64.2333,6.2698,Pass,1
-0.0946,0.8073,231.2012,68.4222,5.6522,Pass,2
-0.1892,23.8245,231.2012,67.1333,5.7247,Fail,3
0.2838,24.3791,231.2012,62.9333,5.444,Pass,4
-0.5677,-12.2945,231.2012,62.8333,4.8956,Pass,5
-0.0946,28.2955,231.2012,62.3778,5.5901,Pass,6
-0.4731,2.1109,231.2012,60.8,4.9162,Pass,7
0.7096,29.1309,231.2012,67.3,4.8066,Pass,8
0.7096,26.9791,231.2012,62.8,4.3824,Pass,9
0.7096,28.3118,231.2012,67.0333,4.9838,Pass,10
-0.5677,27.8373,231.2012,68.7111,5.2778,Fail,11
-0.5677,25.0836,231.2012,64.7667,4.6853,Fail,12
-0.4731,22.6227,231.2012,63.3778,5.2108,Pass,13
0.0,-1.1927,231.2012,67.9889,6.4674,Pass,14
0.0,17.6382,231.2012,62.5,4.9515,Fail,15
-0.0473,20.4209,231.2012,61.2333,4.9296,Pass,16
-0.0473,-8.1182,231.2012,63.3556,6.5511,Pass,17
-0.0473,-5.5327,231.2012,60.2444,5.8924,Pass,18
-0.4258,0.4836,231.2012,66.2,6.8608,Pass,19
-0.4258,22.4736,231.2012,65.0778,5.2005,Pass,20
-0.4258,3.97,231.2012,67.2,7.2532,Pass,21
-0.4258,0.12,231.2012,65.1667,6.7289,Pass,22
0.0473,-3.6564,231.2012,66.3556,6.6914,Pass,23
-0.4731,18.3936,231.2012,62.5,5.1588,Fail,24
0.0946,15.3536,231.2012,64.6778,5.7899,Pass,25
-0.615,2.9964,231.2012,67.0333,5.196,Pass,26
-0.615,-6.9155,231.2012,68.0333,5.45,Pass,27
-0.0473,17.3873,231.2012,62.8889,4.4239,Pass,28
-0.615,13.1136,231.2012,66.1667,4.1865,Pass,29
-0.0473,14.7073,231.2012,65.6333,6.2102,Pass,30
-0.0473,29.5109,231.2012,68.6444,4.6253,Pass,31
-0.615,13.1482,231.2012,65.3667,5.8491,Pass,32
0.0946,-3.3864,231.2012,62.6667,5.3701,Pass,33
0.0946,4.4036,231.2012,65.4556,4.6444,Pass,34
-0.0473,17.5473,231.2012,66.8889,4.6263,Pass,35
0.0946,-10.1245,231.2012,66.4778,4.5125,Pass,36
-0.0473,13.9782,231.2012,65.2667,4.5344,Pass,37
-0.0473,13.4891,231.2012,65.2222,5.9735,Pass,38
-0.0473,24.9027,231.2012,68.3222,4.0902,Fail,39
-1.108,23.4736,231.2012,70.5111,5.4109,Pass,40
-0.0473,15.1509,231.2012,63.5111,4.1708,Fail,41
0.0946,-2.6636,231.2012,64.1778,5.8979,Pass,42
0.0946,-2.4636,231.2012,62.2889,4.9579,Pass,43
-1.204,19.3136,231.2012,69.0,4.2384,Pass,44
-0.4258,8.3045,231.2012,60.8444,5.5408,Pass,45
-0.4258,5.03,231.2012,69.0667,5.3607,Fail,46
0.0946,12.0945,231.2012,63.1333,5.1749,Pass,47
0.0946,23.1373,231.2012,61.8667,4.9516,Pass,48
-1.108,25.0382,231.2012,69.0667,4.7265,Fail,49
-0.4258,23.3109,231.2012,69.5556,5.1077,Fail,50
-0.4258,23.9555,231.2012,68.3556,5.5385,Fail,51
-0.1419,21.39,231.2012,64.4222,4.665,Pass,52
-0.1419,1.5882,231.2012,67.2667,5.5737,Pass,53
0.0946,0.6782,231.2012,64.0778,4.3439,Pass,54
0.0946,20.0455,231.2012,62.3667,5.3269,Pass,55
0.0946,21.8964,231.2012,64.7111,5.4366,Pass,56
0.0473,22.8809,231.2012,70.0889,5.6503,Pass,57
-0.1419,2.5209,231.2012,63.4,5.1458,Fail,58
-0.615,15.9527,231.2012,63.6,6.4035,Fail,59
0.1892,-1.6545,231.2012,66.7222,5.5012,Pass,60
0.0,6.7391,231.2012,68.0222,6.0092,Pass,61
0.0473,13.8118,231.2012,63.9778,4.3153,Pass,62
0.0473,18.3209,231.2012,68.0,5.115,Fail,63
0.3311,16.4582,231.2012,63.5778,5.2632,Pass,64
0.0,9.05,231.2012,68.1222,4.4627,Fail,65
0.0,18.8309,231.2012,67.8444,5.9995,Pass,66
0.0,18.2809,231.2012,65.1667,4.5431,Pass,67
0.0,19.8,231.2012,61.6222,5.3492,Pass,68
0.0,11.6818,231.2012,65.6333,4.3109,Pass,69
0.0,22.4345,231.2012,68.3444,4.9353,Pass,70
0.0,17.1627,231.2012,68.3,4.6734,Pass,71
-0.3311,25.4573,231.2012,70.7667,4.7397,Pass,72
0.0473,20.5509,231.2012,63.3444,4.9899,Pass,73
-0.3311,18.6827,231.2012,65.4667,5.7303,Pass,74
0.8042,25.4427,231.2012,65.2889,4.0636,Pass,75
0.0473,17.6373,231.2012,64.8111,5.2115,Pass,76
0.8042,24.3509,231.2012,64.6444,4.4431,Pass,77
0.8042,12.0627,231.2012,64.6222,3.8954,Pass,78
0.0473,9.5227,231.2012,60.9222,3.9957,Pass,79
-0.3311,22.9245,231.2012,67.5333,4.746,Pass,80
0.8042,9.3336,231.2012,64.0,4.49,Pass,81
-0.4731,12.5391,231.2012,68.5444,4.3171,Pass,82
0.0,12.4309,231.2012,62.8333,5.3995,Fail,83
-0.4731,28.6355,231.2012,67.5222,5.2164,Pass,84
0.0473,8.6927,231.2012,62.6556,4.1082,Pass,85
-0.4731,-5.3055,231.2012,64.1667,5.2837,Pass,86
-0.4731,-8.7491,231.2012,66.6889,4.8942,Pass,87
0.0,26.6582,231.2012,68.9222,5.2537,Pass,88
0.0,28.7064,231.2012,68.2222,6.8114,Pass,89
-0.1419,-8.2255,231.2012,66.0889,4.7156,Pass,90
0.0,28.1191,231.2012,61.2556,5.2147,Pass,91
-0.3311,8.6673,231.2012,67.0222,4.6593,Pass,92
0.0473,3.8509,231.2012,60.9111,5.469,Pass,93
-0.1419,-15.1964,231.2012,65.2,4.2296,Pass,94
0.7569,-6.4836,231.2012,64.8,4.1415,Pass,95
-0.1419,-11.2182,231.2012,65.3,4.2605,Pass,96
0.0473,11.5591,231.2012,62.7556,4.1373,Fail,97
0.0473,28.4227,231.2012,67.1556,5.2979,Pass,98
0.0473,24.4727,231.2012,61.7444,5.7258,Pass,99
0.0,5.1345,231.2012,60.5,5.3251,Pass,100
0.0473,24.8064,231.2012,67.8111,7.6145,Pass,101
0.1419,27.6182,231.2012,64.0,4.9451,Pass,102
0.1419,20.5864,231.2012,66.2556,4.4596,Pass,103
0.0473,27.6655,231.2012,61.7667,5.2551,Pass,104
0.7569,29.0264,231.2012,65.7333,4.6683,Pass,105
0.0,27.7364,231.2012,66.9778,3.9228,Pass,106
0.7569,24.8282,231.2012,61.6444,4.1939,Pass,107
0.7569,24.6118,231.2012,65.4333,3.7815,Pass,108
0.7569,27.7155,231.2012,62.9667,4.2139,Pass,109
0.0473,23.7864,231.2012,63.6444,4.8339,Pass,110
-0.1419,20.6,231.2012,68.3333,5.5196,Pass,111
0.0473,29.7509,231.2012,67.4,3.8059,Pass,112
0.0,23.9945,231.2012,63.3556,5.4282,Pass,113
-0.1419,16.7909,231.2012,70.1667,5.6383,Pass,114
0.0473,23.7136,231.2012,64.6556,5.8419,Pass,115
0.0,18.5764,231.2012,60.2667,4.4137,Fail,116
0.0473,24.2918,231.2012,62.2111,6.0972,Pass,117
-0.1419,25.5127,231.2012,64.7111,4.3933,Pass,118
0.0,26.7064,231.2012,63.9444,4.8126,Pass,119
-0.3311,8.9136,231.2012,65.7778,4.0809,Pass,120
-0.1419,8.9418,231.2012,68.2556,5.1314,Pass,121
-0.1419,6.9918,231.2012,67.1778,4.291,Pass,122
0.6623,16.6036,231.2012,67.5778,5.4277,Pass,123
-0.0946,16.5255,231.2012,63.1444,5.0727,Pass,124
-0.3784,29.1918,231.2012,65.4778,5.9941,Pass,125
0.6623,10.08,231.2012,61.8778,4.9691,Pass,126
0.7569,3.9055,231.2012,61.8333,4.3009,Pass,127
0.3311,26.6527,231.2012,68.4333,7.4134,Pass,128
-0.0946,17.6864,231.2012,66.9333,5.7063,Pass,129
-0.0946,15.0182,231.2012,61.6778,4.593,Pass,130
-0.0946,15.7936,231.2012,69.3333,4.0226,Pass,131
0.0,6.6636,231.2012,67.6333,5.0305,Fail,132
0.6623,10.2109,231.2012,63.2778,5.1929,Pass,133
-0.1419,-19.1518,231.2012,66.0556,4.9213,Pass,134
-0.0473,22.2164,231.2012,63.9,4.0774,Pass,135
0.3311,25.8364,231.2012,63.3778,4.7194,Pass,136
0.3311,25.9591,231.2012,67.6556,3.7323,Pass,137
-0.3784,23.8864,231.2012,63.5778,4.3832,Pass,138
0.3311,23.0364,231.2012,67.3111,5.6844,Pass,139
0.6623,22.7418,231.2012,63.8444,4.8832,Pass,140
-0.615,-9.2836,231.2012,65.9556,6.4762,Pass,141
-0.615,-17.9336,231.2012,65.8333,6.2982,Pass,142
0.0946,23.5609,231.2012,62.9667,4.7793,Pass,143
0.0946,-8.3127,231.2012,64.0778,5.3704,Pass,144
-0.0473,5.3382,231.2012,63.4889,5.4647,Pass,145
0.6623,23.8745,231.2012,62.9889,5.2167,Pass,146
0.3311,27.3427,231.2012,68.0444,3.665,Pass,147
0.0946,17.3018,231.2012,63.0,5.4289,Pass,148
0.1892,26.2655,231.2012,66.2222,6.0744,Pass,149
0.0946,-21.2055,231.2012,65.3222,4.8407,Pass,150
0.1892,-7.5382,231.2012,65.0444,4.7816,Pass,151
-0.0946,4.3109,231.2012,64.0,6.32,Pass,152
0.6623,29.1164,231.2012,66.7111,4.594,Pass,153
0.0946,15.8609,231.2012,67.9778,3.9193,Pass,154
0.6623,26.7745,231.2012,65.8,4.422,Fail,155
0.0946,-3.2509,231.2012,70.2444,4.8207,Pass,156
0.6623,0.2309,231.2012,61.2222,5.0611,Pass,157
-0.0473,26.4509,231.2012,63.9,4.8377,Fail,158
-0.0946,-12.1527,231.2012,69.0111,4.4012,Fail,159
0.1419,-1.5664,231.2012,71.1222,5.7831,Pass,160
0.7569,14.6455,231.2012,68.8556,5.337,Pass,161
0.1419,9.6745,231.2012,63.2556,5.585,Pass,162
0.7569,9.8418,231.2012,67.6333,4.8314,Pass,163
-0.3784,-5.8682,231.2012,63.3889,4.7371,Pass,164
0.7569,-12.1373,231.2012,65.3556,6.3078,Pass,165
0.7569,12.8364,231.2012,69.8778,4.6985,Pass,166
0.2365,9.4982,231.2012,68.3444,3.9338,Pass,167
0.1419,2.5827,231.2012,70.1889,5.2221,Fail,168
0.2365,15.1073,231.2012,70.4,5.0504,Pass,169
0.0,4.4282,231.2012,69.3222,4.5434,Fail,170
0.0,17.7927,231.2012,61.3222,6.2823,Pass,171
0.0,22.7927,231.2012,63.3778,5.4789,Pass,172
0.1419,4.6609,231.2012,65.5111,5.8307,Pass,173
0.0,26.0509,231.2012,65.3111,4.2122,Pass,174
-0.0946,17.1673,231.2012,62.7444,6.4075,Pass,175
-0.0946,27.7282,231.2012,65.8444,4.5623,Pass,176
0.0,-13.1245,231.2012,67.8222,3.7293,Pass,177
0.1419,-10.8745,231.2012,63.3111,5.0754,Pass,178
-0.0946,-13.3573,231.2012,68.1556,5.0243,Pass,179
0.0,-2.2809,231.2012,68.0444,4.1319,Pass,180
0.7569,4.9745,231.2012,62.7889,6.13,Fail,181
0.1419,0.3764,231.2012,69.9333,5.3784,Pass,182
0.0,27.4136,231.2012,63.7889,6.987,Fail,183
0.0946,-10.1291,231.2012,65.5778,4.313,Pass,184
-0.0946,-11.4709,231.2012,68.9444,5.4805,Pass,185
0.1419,3.8964,231.2012,67.8,4.9096,Pass,186
0.2365,12.8982,231.2012,61.3333,5.4567,Fail,187
0.7569,0.4836,231.2012,65.5889,5.4037,Pass,188
0.1419,12.3073,231.2012,64.1333,5.5162,Fail,189
0.1419,21.7573,231.2012,63.1333,5.5,Fail,190
-0.1892,10.0236,231.2012,66.7,5.3995,Pass,191
-0.1892,8.0636,231.2012,67.7222,4.4058,Pass,192
-0.1892,2.0427,231.2012,63.7556,5.3712,Pass,193
-0.1419,17.4,231.2012,67.4,4.9574,Pass,194
-0.1892,3.28,231.2012,64.7333,4.9891,Pass,195
-0.1419,9.2527,231.2012,66.5444,3.9714,Pass,196
0.0482,-17.3591,231.2012,64.7889,4.5489,Pass,197
0.0482,-9.4964,231.2012,64.9,4.9675,Pass,198
0.0482,-7.9627,231.2012,65.4444,3.8465,Pass,199
0.0482,1.1173,231.2012,62.8778,5.8851,Pass,200
-0.0946,8.3918,231.2012,67.7333,5.9989,Pass,201
0.1892,-15.5318,231.2012,63.9889,5.7133,Pass,202
0.7096,9.6564,231.2012,62.6778,6.1242,Pass,203
0.1892,13.7,231.2012,69.9,7.0901,Pass,204
-0.1892,6.5191,231.2012,67.5667,5.1286,Pass,205
-0.1892,5.3118,231.2012,67.4222,5.145,Pass,206
-0.1892,7.7745,231.2012,64.0333,5.3347,Pass,207
0.0,23.9018,231.2012,69.3778,7.5297,Pass,208
0.0946,-0.3327,231.2012,66.5778,5.1327,Pass,209
0.0,20.7782,231.2012,69.6111,6.0295,Pass,210
0.3784,24.26,231.2012,67.6556,6.0407,Pass,211
0.0946,6.7073,231.2012,66.2556,5.4263,Pass,212
0.0,29.7264,231.2012,68.0,6.1614,Pass,213
0.5677,11.4855,231.2012,68.8111,6.2639,Pass,214
0.5677,28.3127,231.2012,69.9222,5.9969,Pass,215
0.5677,13.7255,231.2012,66.1222,4.6523,Pass,216
0.5677,18.8673,231.2012,66.2778,6.6952,Pass,217
0.5677,5.5782,231.2012,70.5333,6.0111,Pass,218
0.0,25.5282,231.2012,70.9778,5.0178,Fail,219
1.608,5.9945,231.2012,68.1778,6.5219,Pass,220
1.608,2.7764,231.2012,68.3222,6.4494,Pass,221
1.608,2.6173,231.2012,69.2,5.068,Pass,222
0.5677,20.8336,231.2012,69.0667,5.3134,Fail,223
0.7569,27.3,231.2012,61.7222,5.4985,Pass,224
0.7569,5.4191,231.2012,70.9556,6.3502,Pass,225
0.7569,5.9136,231.2012,67.6667,6.8395,Pass,226
0.7569,5.3782,231.2012,70.0444,6.272,Pass,227
0.7569,-11.2309,231.2012,62.5111,5.2961,Pass,228
0.0,-1.8473,231.2012,67.2333,6.1053,Pass,229
0.0,25.43,231.2012,68.9,5.6444,Pass,230
0.7569,15.4555,231.2012,67.9667,5.8376,Pass,231
0.7569,0.7582,231.2012,61.5778,5.6836,Fail,232
0.0,-12.0473,231.2012,65.1333,8.8849,Pass,233
0.0,-10.2673,231.2012,67.5889,7.7594,Pass,234
-0.2838,1.1591,231.2012,63.9222,5.1284,Pass,235
-0.2838,-11.8245,231.2012,62.9889,4.6801,Fail,236
1.608,8.4236,231.2012,67.2222,5.5239,Fail,237
0.0,18.6045,231.2012,65.8222,5.3069,Pass,238
0.0,8.9764,231.2012,66.8556,5.8925,Fail,239
-0.5677,0.7218,231.2012,63.4889,5.5683,Pass,240
0.0,-1.42,231.2012,67.7111,6.2946,Fail,241
0.7569,9.2082,231.2012,65.6778,7.1479,Fail,242
0.0,12.1609,231.2012,68.8222,5.7847,Pass,243
0.0,8.5273,231.2012,69.4333,5.9026,Fail,244
0.0,17.1745,231.2012,67.9,5.081,Fail,245
-0.2838,5.7855,231.2012,69.6778,6.8729,Pass,246
-0.4258,14.4382,231.2012,66.2778,5.2764,Pass,247
-0.5677,11.6964,231.2012,69.8333,6.0657,Pass,248
-0.5677,18.0545,231.2012,69.7889,5.2245,Pass,249
-0.4258,20.7055,231.2012,68.5667,7.2747,Pass,250
-0.5677,1.1273,231.2012,61.0667,5.2077,Pass,251
-0.5677,16.4073,231.2012,71.7222,6.7371,Pass,252
-0.5677,5.4018,231.2012,70.4444,6.1648,Pass,253
-0.5677,26.8609,231.2012,66.6889,5.689,Pass,254
-0.2838,23.7709,231.2012,64.0333,6.8046,Pass,255
-0.5677,-0.84,231.2012,68.4222,6.9261,Pass,256
-0.5677,25.4264,231.2012,69.0556,5.4919,Pass,257
-0.3784,26.6136,231.2012,71.2444,5.5287,Pass,258
-0.4258,-6.5391,231.2012,69.3778,6.6604,Pass,259
-0.3784,0.1518,231.2012,67.1778,8.5149,Pass,260
-0.4258,2.8245,231.2012,68.2,7.7646,Pass,261
-0.5677,12.1818,231.2012,70.1222,5.8436,Pass,262
-0.4258,19.5609,231.2012,70.5111,5.0632,Pass,263
-0.5677,-1.1609,231.2012,68.1556,8.134,Pass,264
-0.4258,18.63,231.2012,62.9556,5.8716,Pass,265
-0.3784,20.7118,231.2012,72.9222,6.3369,Pass,266
-0.3784,-11.9682,231.2012,69.3889,6.2281,Pass,267
-0.9934,16.8445,231.2012,63.9778,5.6722,Pass,268
-0.3784,14.0382,231.2012,66.5444,7.6137,Pass,269
-0.5677,28.4009,231.2012,63.7778,6.6127,Pass,270
-0.9934,22.1827,231.2012,68.2,5.2143,Pass,271
-0.3784,9.1882,231.2012,63.0556,6.9848,Pass,272
-0.9934,1.5018,231.2012,67.4556,6.0561,Pass,273
-0.9934,16.0155,231.2012,68.1556,6.3346,Fail,274
-0.9934,2.5027,231.2012,67.4222,6.7768,Pass,275
-0.3784,87.0391,231.2012,68.0444,5.4855,Pass,276
-0.3784,0.7591,231.2012,69.9222,5.9401,Pass,277
-0.9934,9.8782,231.2012,66.6889,5.2386,Fail,278
-0.0473,15.6791,231.2012,68.5444,6.4183,Pass,279
0.4258,16.2418,231.2012,67.5222,5.2618,Pass,280
-0.0473,10.3745,231.2012,63.4111,6.1148,Pass,281
-0.0473,2.5045,231.2012,68.4111,5.9336,Pass,282
0.4258,24.14,231.2012,67.1444,5.2159,Fail,283
-0.0946,23.7109,231.2012,68.1444,5.4707,Pass,284
0.0,5.78,231.2012,69.4222,5.3361,Pass,285
0.0,-0.18,231.2012,63.9111,7.9306,Pass,286
-0.0946,-8.6082,231.2012,63.3444,5.2263,Pass,287
0.0,22.7173,231.2012,65.2556,6.2124,Pass,288
-0.0946,20.0236,231.2012,69.6889,4.7587,Pass,289
0.5204,17.9782,231.2012,66.2556,5.0783,Pass,290
-0.0946,17.7327,231.2012,66.1111,6.0165,Pass,291
0.4258,1.3718,231.2012,63.6111,5.3321,Fail,292
-0.0946,2.0373,231.2012,69.8444,7.4826,Pass,293
-0.5204,1.4218,231.2012,67.6222,7.5351,Pass,294
0.4258,22.4382,231.2012,68.3222,6.1843,Fail,295
-0.5204,14.9018,231.2012,63.8889,5.925,Pass,296
0.0,4.4391,231.2012,69.6778,6.711,Pass,297
-0.5677,-15.31,231.2012,59.9889,6.9933,Pass,298
-0.5204,27.3227,231.2012,66.0667,7.3823,Pass,299
-0.1419,2.78,231.2012,67.4333,7.006,Pass,300
1.608,18.1782,231.2012,63.4,5.612,Pass,301
1.419,22.3736,231.2012,66.7111,4.8209,Pass,302
1.419,24.4791,231.2012,62.7,5.8192,Pass,303
1.419,20.7209,231.2012,65.0,6.0915,Pass,304
1.419,6.2045,231.2012,68.2,5.8126,Pass,305
1.419,6.9082,231.2012,70.4556,5.71,Pass,306
1.419,23.2655,231.2012,66.2444,5.4597,Pass,307
1.419,-7.8309,231.2012,68.5444,7.1979,Pass,308
1.419,0.5373,231.2012,66.2667,3.7388,Pass,309
0.5204,3.1136,231.2012,66.4444,6.8944,Pass,310
-0.5204,25.1891,231.2012,64.9667,4.8892,Pass,311
0.2838,1.23,231.2012,69.9556,5.7926,Pass,312
0.8042,13.5955,231.2012,68.9444,5.889,Pass,313
0.8042,-2.9273,231.2012,69.4,4.9208,Pass,314
0.8042,13.3745,231.2012,69.4556,6.003,Pass,315
0.8042,27.4627,231.2012,72.8222,5.8049,Pass,316
-0.1419,4.9991,231.2012,68.1444,5.9614,Pass,317
0.0,1.9145,231.2012,69.7778,6.9949,Pass,318
-0.4258,9.5927,231.2012,68.2556,7.0251,Pass,319
-0.5204,1.8182,231.2012,66.3778,5.5382,Pass,320
0.5204,22.6936,231.2012,69.9333,5.3561,Pass,321
0.5204,19.1027,231.2012,66.9778,4.2466,Fail,322
-0.4258,3.3055,231.2012,68.5889,6.0876,Pass,323
0.5204,13.6809,231.2012,66.4556,7.4121,Fail,324
0.5204,26.9136,231.2012,71.9778,6.5545,Pass,325
0.4258,0.1427,231.2012,69.2778,4.5201,Pass,326
-0.2838,14.75,231.2012,68.2333,6.106,Fail,327
0.5204,8.0955,231.2012,67.4667,5.9448,Fail,328
0.8042,0.8873,231.2012,70.0778,6.7706,Pass,329
0.2838,1.77,231.2012,69.1333,5.6249,Pass,330
0.0,21.1082,231.2012,66.4,6.6207,Pass,331
-0.0473,4.6327,231.2012,69.3222,5.6047,Pass,332
-0.4258,10.7709,231.2012,65.5889,5.4104,Pass,333
0.0473,4.4155,231.2012,70.5667,6.9078,Pass,334
0.0,4.4091,231.2012,67.2667,5.9585,Pass,335
-0.0473,-10.37,231.2012,68.4333,5.9763,Pass,336
-0.0946,5.8091,231.2012,69.1556,5.3249,Fail,337
0.2838,2.0664,231.2012,69.9778,5.7407,Pass,338
0.2838,-0.2173,231.2012,68.6556,5.4296,Pass,339
0.2838,4.97,231.2012,69.4778,5.067,Pass,340
0.8042,1.4036,231.2012,68.8444,6.5322,Pass,341
0.0473,2.9536,231.2012,69.7111,5.4449,Pass,342
0.6623,-0.5691,231.2012,68.7667,8.067,Pass,343
0.2838,5.8727,231.2012,67.7444,6.397,Pass,344
0.0,14.0673,231.2012,66.3556,8.3024,Fail,345
0.0,-5.6018,231.2012,66.9222,5.5076,Pass,346
-0.2365,2.0009,231.2012,69.7778,6.296,Pass,347
0.0,20.81,231.2012,66.0222,5.1212,Pass,348
0.2838,-5.9045,231.2012,67.3667,5.0939,Pass,349
0.0,-0.3264,231.2012,63.8111,6.6857,Pass,350
0.2838,4.3055,231.2012,65.5556,5.8235,Pass,351
0.2365,5.0809,231.2012,66.8889,5.876,Fail,352
0.8042,6.3364,231.2012,70.1778,5.2134,Pass,353
0.4258,3.1418,231.2012,67.5222,7.3221,Pass,354
0.2365,22.1027,231.2012,71.0,5.8781,Pass,355
-0.2365,-0.8891,231.2012,67.9111,6.7978,Pass,356
0.6623,-6.8555,231.2012,60.1111,6.0995,Pass,357
0.6623,2.1473,231.2012,59.8889,8.0235,Pass,358
0.2838,-8.4836,231.2012,67.7,6.6714,Pass,359
0.0,3.9382,231.2012,67.2,4.6687,Pass,360
0.8042,-0.2618,231.2012,68.1667,5.9945,Pass,361
0.0,-2.7936,231.2012,68.5778,7.9424,Pass,362
0.0473,9.8518,231.2012,70.0556,5.8239,Pass,363
0.2365,3.8936,231.2012,67.4,5.0725,Pass,364
0.7569,-5.9236,231.2012,67.3222,4.7226,Pass,365
-0.2838,4.0991,231.2012,66.0111,6.4426,Pass,366
0.4258,6.3436,231.2012,68.8778,4.8829,Pass,367
0.7569,0.31,231.2012,69.1,13.0958,Pass,368
0.2365,28.5145,231.2012,65.9111,5.7813,Fail,369
-0.2365,4.0209,231.2012,69.3556,6.7984,Pass,370
0.4258,3.2182,231.2012,67.7667,5.3185,Pass,371
0.0473,14.3891,231.2012,65.4889,5.1885,Pass,372
0.2365,6.2455,231.2012,67.4111,4.9057,Pass,373
0.2838,3.7982,231.2012,71.2,6.2071,Fail,374
-0.2365,-1.9555,231.2012,70.1889,6.114,Pass,375
0.2838,-10.6036,231.2012,65.5,6.4455,Pass,376
0.7569,3.88,231.2012,67.0667,5.9837,Pass,377
0.0,5.7945,231.2012,68.2889,6.0564,Pass,378
0.0,0.8018,231.2012,70.4,6.8803,Pass,379
0.7569,10.8955,231.2012,67.2111,5.2501,Pass,380
0.7569,15.2791,231.2012,67.5889,5.3828,Pass,381
-0.2838,18.7173,231.2012,65.5444,5.5977,Pass,382
-0.0473,3.3955,231.2012,67.6333,6.6343,Pass,383
0.2365,0.1227,231.2012,67.6444,5.6683,Pass,384
0.7569,3.5336,231.2012,68.0444,5.2265,Pass,385
-0.0473,-5.3355,231.2012,70.2,4.4363,Pass,386
0.7569,1.4355,231.2012,67.1111,4.4244,Pass,387
-0.2838,7.3918,231.2012,69.1111,6.5451,Pass,388
-0.2838,4.8018,231.2012,67.8778,5.5481,Pass,389
0.4258,-7.4155,231.2012,69.1222,4.5221,Pass,390
-0.2838,0.0945,231.2012,69.3111,8.6585,Pass,391
-0.2838,8.9073,231.2012,66.6556,5.6626,Pass,392
0.4258,5.0473,231.2012,70.6444,5.2693,Fail,393
-0.2838,26.1536,231.2012,64.7222,5.4333,Pass,394
-0.2365,-2.9973,231.2012,69.6889,6.4365,Pass,395
0.2365,-5.6473,231.2012,68.3,7.0767,Pass,396
-0.2365,-1.2182,231.2012,69.0111,6.9059,Pass,397
-0.2838,1.2264,231.2012,68.1889,5.0676,Pass,398
-0.2838,2.8355,231.2012,68.5556,6.2468,Pass,399
-0.0473,5.9073,231.2012,68.3333,5.2126,Pass,400
-0.2838,4.5027,231.2012,67.6778,4.6676,Pass,401
-0.0473,3.2591,231.2012,65.6889,5.0992,Pass,402
0.2365,4.1509,231.2012,67.0556,6.7113,Pass,403
-0.0473,4.4564,231.2012,67.1889,7.3424,Pass,404
-0.2838,0.4591,231.2012,67.7667,6.0629,Pass,405
-0.2838,-1.0773,231.2012,60.0667,5.0991,Pass,406
-0.0473,10.9955,231.2012,67.4889,5.4651,Fail,407
-0.2365,2.0064,231.2012,67.0889,7.6674,Pass,408
0.2365,18.4,231.2012,67.8889,5.9202,Pass,409
-0.2838,0.3036,231.2012,68.9444,7.2296,Pass,410
-0.2838,22.7636,231.2012,65.5778,6.2893,Pass,411
-0.2365,6.1527,231.2012,68.6111,5.7298,Pass,412
0.2365,20.2627,231.2012,67.3667,6.5968,Pass,413
-0.2838,-3.09,231.2012,67.2444,6.9241,Pass,414
-0.2365,1.9855,231.2012,68.3889,6.5415,Pass,415
-0.2365,8.3018,231.2012,68.1778,5.0896,Pass,416
-0.0473,2.9964,231.2012,59.4,6.3363,Pass,417
-0.2365,4.5645,231.2012,66.3,5.5445,Pass,418
-0.2365,1.14,231.2012,67.2778,5.426,Pass,419
0.7096,8.8173,231.2012,69.6222,6.1079,Pass,420
-0.2365,2.4345,231.2012,66.1667,5.6802,Pass,421
-0.0473,-28.9882,231.2012,65.3667,4.9531,Pass,422
0.7096,6.6,231.2012,68.9444,6.9622,Pass,423
0.7096,25.2736,231.2012,68.8,5.3532,Pass,424
-0.2365,-5.7182,231.2012,71.2333,4.4785,Fail,425
-0.9461,-1.4345,231.2012,70.0556,5.2483,Pass,426
-0.9461,-0.3327,231.2012,69.5889,5.5199,Pass,427
-0.9461,0.5682,231.2012,67.8222,5.931,Pass,428
-0.9461,2.9518,231.2012,65.7111,6.778,Pass,429
-0.8042,7.7727,231.2012,68.7667,5.0532,Pass,430
-0.9461,2.75,231.2012,66.5333,6.0275,Pass,431
-0.9461,15.81,231.2012,67.9556,5.2089,Pass,432
-0.8042,3.4882,231.2012,70.9556,6.9314,Pass,433
-0.8042,1.2673,231.2012,68.6556,4.8083,Pass,434
-0.8042,4.7864,231.2012,66.7,5.2236,Pass,435
-0.8042,14.7345,231.2012,69.6556,6.2457,Pass,436
-0.8042,-8.3955,231.2012,59.9778,7.7567,Pass,437
1.088,1.2209,231.2012,68.7111,4.7162,Pass,438
1.088,1.0345,231.2012,67.5111,6.0188,Pass,439
1.088,1.0636,231.2012,69.8222,6.1948,Pass,440
1.088,1.6173,231.2012,70.0444,6.7145,Pass,441
1.088,2.4173,231.2012,70.3889,4.6886,Fail,442
0.0,-7.1564,231.2012,69.2444,4.9289,Pass,443
0.0,0.6991,231.2012,66.4,6.9408,Pass,444
0.0,2.5964,231.2012,68.9333,4.6901,Pass,445
0.0,-0.4091,231.2012,68.2333,5.9835,Pass,446
1.088,-5.0245,231.2012,62.9778,6.2162,Pass,447
0.0,-0.7236,231.2012,69.9111,5.376,Pass,448
0.0,1.9482,231.2012,69.0111,5.8213,Fail,449
0.0,1.3255,231.2012,66.8222,6.0309,Pass,450
-0.9461,-6.8627,231.2012,68.3111,6.3875,Pass,451
-0.5204,7.0591,231.2012,68.2222,5.0673,Pass,452
-0.5204,2.2118,231.2012,70.4667,6.0691,Pass,453
-0.5204,7.9373,231.2012,70.5444,5.3721,Pass,454
-0.5204,0.8745,231.2012,70.1667,5.0138,Pass,455
0.8042,3.99,231.2012,70.1556,4.5588,Pass,456
-0.6623,4.4455,231.2012,67.0556,5.2038,Pass,457
-0.6623,168.1455,231.2012,68.0889,5.1021,Pass,458
-0.1419,-0.2845,231.2012,67.0444,7.4994,Pass,459
-0.1419,2.0609,231.2012,67.7889,6.1941,Pass,460
-0.1419,1.7373,231.2012,67.4444,4.9065,Pass,461
-0.1419,3.1191,231.2012,67.3556,4.7844,Pass,462
-0.1419,0.2818,231.2012,65.1333,6.0098,Pass,463
-0.0473,4.06,231.2012,68.6556,5.0865,Pass,464
-0.6623,-0.3182,231.2012,69.1889,4.9744,Pass,465
-0.0473,-0.0636,231.2012,66.9333,5.5842,Pass,466
-0.6623,36.3682,231.2012,69.8,5.073,Pass,467
-0.0473,1.0291,231.2012,67.2667,5.0376,Pass,468
0.7569,1.9591,231.2012,70.7778,6.7197,Pass,469
-0.0473,1.6373,231.2012,67.4889,5.5742,Pass,470
-0.0473,-1.2209,231.2012,70.5111,4.866,Pass,471
-0.1419,8.8445,231.2012,68.7889,5.7787,Pass,472
-0.2838,-1.1255,231.2012,70.7667,4.3122,Pass,473
-0.1419,2.9409,231.2012,68.2889,7.1505,Pass,474
-0.4731,-4.4845,231.2012,66.1556,5.3967,Pass,475
-0.0473,8.1418,231.2012,70.6111,6.712,Pass,476
-0.1419,9.4864,231.2012,70.0,6.0009,Pass,477
-0.1419,-7.5073,231.2012,68.2111,7.3872,Pass,478
-0.4731,3.8264,231.2012,69.5444,6.2339,Pass,479
-0.2838,10.2355,231.2012,71.3111,5.0133,Pass,480
-0.7096,1.0218,231.2012,71.4222,5.8286,Pass,481
0.7569,3.8664,231.2012,73.0222,5.0435,Pass,482
-0.2838,-6.0545,231.2012,69.9667,5.0295,Pass,483
0.7569,2.8745,231.2012,67.9333,5.1169,Pass,484
-0.6623,-0.81,231.2012,69.4222,6.3528,Pass,485
-0.4731,8.1445,231.2012,69.3111,5.2941,Pass,486
-0.7096,11.4855,231.2012,67.2667,5.9031,Pass,487
0.7569,1.4745,231.2012,68.2,5.7336,Pass,488
-0.1419,2.0127,231.2012,66.4556,5.9644,Pass,489
-0.7096,0.91,231.2012,68.7667,6.9024,Pass,490
-0.7096,-1.5118,231.2012,68.9778,5.7194,Pass,491
-0.2838,0.9091,231.2012,69.0222,6.3665,Pass,492
-0.9461,0.6191,231.2012,68.1222,6.4131,Pass,493
-0.7096,3.3655,231.2012,68.4667,6.0366,Pass,494
-0.7096,-2.63,231.2012,70.4444,5.9073,Pass,495
0.7569,1.0045,231.2012,69.7111,6.8,Fail,496
-0.7096,1.1527,231.2012,66.6333,5.441,Pass,497
-0.0473,0.2055,231.2012,69.2222,6.8171,Pass,498
0.7569,-3.8982,231.2012,65.1,5.5693,Pass,499
-0.6623,3.2764,231.2012,67.1,4.866,Pass,500
-0.6623,-4.0373,231.2012,63.6889,7.0294,Pass,501
-0.4731,0.1618,231.2012,65.8222,5.4007,Pass,502
-0.6623,-3.9436,231.2012,69.9889,5.5417,Pass,503
-0.5677,-1.2518,231.2012,69.8444,6.2167,Pass,504
-0.6623,1.3664,231.2012,65.9556,5.8843,Pass,505
0.7569,5.65,231.2012,68.1333,5.8068,Pass,506
-0.6623,7.8264,231.2012,69.2,4.9158,Pass,507
-0.6623,-1.1927,231.2012,68.9222,5.9157,Pass,508
-0.5677,5.4991,231.2012,67.5,6.5321,Fail,509
-0.5677,-0.0309,231.2012,68.5,6.0001,Pass,510
-0.0473,0.5091,231.2012,67.6111,4.3721,Pass,511
-0.1419,0.94725,231.2012,69.1,5.8315,Pass,512
-0.6623,0.94725,231.2012,71.3333,5.8591,Pass,513
-0.1419,0.5755,231.2012,68.2222,6.1628,Pass,514
-0.5677,0.2573,231.2012,67.2889,5.7795,Pass,515
-0.5677,9.2827,231.2012,65.5778,6.2345,Pass,516
0.0,-1.0482,231.2012,68.3889,5.9818,Pass,517
-0.1419,5.6309,231.2012,69.3889,5.2759,Pass,518
-0.5677,13.3709,231.2012,68.9111,5.5776,Fail,519
0.0,5.1736,231.2012,67.9222,5.8216,Pass,520
0.0,4.8373,231.2012,67.7778,5.3511,Pass,521
-0.5677,6.3691,231.2012,71.4444,5.5444,Pass,522
-0.6623,0.2818,231.2012,70.7778,6.0756,Pass,523
0.0,-0.8964,231.2012,70.1889,5.9494,Pass,524
-0.1419,-0.1745,231.2012,66.4111,4.6227,Pass,525
-0.5677,7.0709,231.2012,70.6444,5.4252,Pass,526
0.0,0.4545,231.2012,66.0444,5.5892,Pass,527
-0.1419,2.2518,231.2012,68.7,5.9603,Pass,528
0.0,0.9991,231.2012,65.6444,5.5943,Pass,529
-0.1419,2.3691,231.2012,69.0667,5.1818,Pass,530
-0.6623,3.43,231.2012,69.6111,5.0292,Pass,531
-0.1419,2.3755,231.2012,68.1111,5.0931,Pass,532
-0.1419,1.1682,231.2012,68.6,5.443,Pass,533
-0.5204,0.1691,231.2012,68.1778,5.1317,Pass,534
0.0,2.6491,231.2012,69.2111,4.8905,Pass,535
-0.5204,3.1382,231.2012,68.5889,4.1069,Pass,536
-0.6623,4.4364,231.2012,68.2778,6.2098,Pass,537
-0.5204,2.1045,231.2012,69.1667,7.4426,Pass,538
0.0473,3.9818,231.2012,66.8111,5.7653,Pass,539
0.0,2.8182,231.2012,69.9333,6.7766,Pass,540
-0.1419,-0.1209,231.2012,67.9667,6.3084,Pass,541
-0.1419,1.1782,231.2012,68.2222,7.2599,Pass,542
-0.5204,0.1664,231.2012,67.1222,6.833,Pass,543
0.0,4.92,231.2012,67.1778,5.4468,Pass,544
-1.655,-1.3227,231.2012,67.7444,5.7706,Pass,545
-0.0946,-0.7845,231.2012,70.1,4.7145,Pass,546
-1.655,0.2655,231.2012,68.0889,4.698,Pass,547
-0.0946,-3.6855,231.2012,69.7889,5.5498,Pass,548
-0.0946,-1.7609,231.2012,69.0444,5.1793,Pass,549
-0.0946,2.9691,231.2012,65.6556,5.5332,Pass,550
0.0,-1.7982,231.2012,67.6111,4.7883,Pass,551
-1.655,-0.3736,231.2012,68.7667,5.2192,Pass,552
-0.0946,4.9073,231.2012,66.1444,5.9707,Pass,553
-0.0946,1.49,231.2012,69.0889,5.3185,Pass,554
-1.655,3.2491,231.2012,66.5222,6.8121,Pass,555
0.2365,-1.0927,231.2012,67.3,5.8811,Pass,556
-0.0946,0.2536,231.2012,65.2,5.0449,Pass,557
0.2365,-0.7036,231.2012,68.6,5.5866,Pass,558
-0.5204,3.73,231.2012,66.0,6.7593,Pass,559
-0.0946,-0.4173,231.2012,68.8,7.353,Pass,560
-0.5204,1.4464,231.2012,68.6333,6.554,Pass,561
0.3311,4.8364,231.2012,70.9,6.8081,Pass,562
0.3311,-2.6655,231.2012,70.2222,6.3086,Pass,563
0.2365,-0.3455,231.2012,68.0,5.6345,Pass,564
-1.655,-6.6055,231.2012,68.5778,6.7536,Pass,565
-0.0946,-0.0191,231.2012,65.9111,5.5926,Pass,566
0.7569,1.4845,231.2012,69.0667,5.5519,Pass,567
-0.5204,8.9864,231.2012,63.8444,5.9035,Pass,568
-0.5204,-0.95,231.2012,72.3111,6.405,Pass,569
0.3311,2.8618,231.2012,66.7333,5.9291,Pass,570
-1.655,-2.0764,231.2012,67.4111,6.314,Pass,571
0.7569,3.36,231.2012,67.3667,5.318,Pass,572
-0.0946,4.0427,231.2012,66.9333,5.6554,Pass,573
-0.5204,2.8618,231.2012,68.8556,7.1774,Pass,574
0.3311,-1.9909,231.2012,71.5444,6.0443,Pass,575
-0.5204,0.7655,231.2012,69.7556,7.1479,Pass,576
0.2365,1.9245,231.2012,65.3778,6.8691,Fail,577
0.7569,-0.1973,231.2012,66.9444,5.9963,Pass,578
0.7569,-1.9855,231.2012,68.1889,6.085,Pass,579
-0.5204,2.4718,231.2012,69.4222,4.6869,Pass,580
-1.655,3.7127,231.2012,69.9111,4.4837,Pass,581
0.7569,-0.66,231.2012,66.5,7.2623,Pass,582
-0.5204,-1.0573,231.2012,68.9,5.9499,Pass,583
-0.7096,11.2909,231.2012,67.4222,5.594,Fail,584
-0.1419,-1.9573,231.2012,70.8111,6.2807,Pass,585
-0.1419,-0.4482,231.2012,71.4111,6.275,Pass,586
0.7569,-3.9318,231.2012,67.3778,6.7701,Pass,587
0.7569,-2.3355,231.2012,68.9556,5.5167,Pass,588
-1.655,-0.2173,231.2012,68.7444,5.6106,Pass,589
0.7569,-0.6464,231.2012,66.2556,5.9938,Pass,590
-0.1419,7.24,231.2012,68.4667,6.0587,Pass,591
-0.5204,-2.8818,231.2012,68.1667,6.6169,Pass,592
0.7569,-0.9409,231.2012,68.0,6.2044,Pass,593
1.04,2.2855,231.2012,70.2667,6.678,Pass,594
-0.5204,0.7227,231.2012,67.4778,5.8915,Pass,595
-0.5204,4.9073,231.2012,66.5778,4.8511,Pass,596
-0.5204,2.28,231.2012,67.5778,7.8586,Pass,597
-0.1419,0.9518,231.2012,67.9444,6.1273,Pass,598
-0.5204,1.2836,231.2012,70.6889,7.2355,Pass,599
-0.5204,0.7064,231.2012,70.7111,7.5293,Pass,600
0.7569,2.6873,231.2012,68.5556,5.2869,Pass,601
-0.5204,15.3073,231.2012,69.5889,6.1786,Fail,602
0.2365,7.9755,231.2012,68.2667,6.0237,Pass,603
-0.1419,-0.6591,231.2012,71.9556,6.3488,Pass,604
-0.1419,-2.4609,231.2012,71.6667,5.8028,Pass,605
0.2365,1.8173,231.2012,67.9889,6.0042,Fail,606
-0.1419,-1.1391,231.2012,69.9111,5.7855,Pass,607
-0.1419,-4.1518,231.2012,67.8444,5.6536,Pass,608
-0.1419,-0.6936,231.2012,67.0,5.9975,Pass,609
-0.5677,0.1891,231.2012,69.3111,4.3233,Pass,610
-0.1419,2.39,231.2012,68.6444,6.3404,Pass,611
-0.1419,-0.9127,231.2012,68.6556,5.9491,Pass,612
-0.0946,0.9409,231.2012,65.6889,5.7667,Pass,613
-0.0946,-2.0555,231.2012,66.1889,6.8415,Pass,614
-0.0946,-3.1455,231.2012,67.5667,6.7714,Pass,615
-0.2365,1.5445,231.2012,70.2778,6.3195,Pass,616
-0.0946,1.4373,231.2012,67.5333,5.7578,Pass,617
-0.0946,-6.0445,231.2012,63.1889,5.4591,Pass,618
-0.0946,1.3791,231.2012,69.7667,5.5712,Pass,619
-0.0946,-0.9618,231.2012,68.0556,6.1471,Pass,620
-0.0946,1.6073,231.2012,69.1333,6.1799,Pass,621
-0.0946,-2.5727,231.2012,67.2556,5.8506,Pass,622
0.615,3.3918,231.2012,67.3778,5.1635,Pass,623
-0.2365,-1.3773,231.2012,67.2667,5.8336,Pass,624
0.615,2.0336,231.2012,69.8889,5.78,Pass,625
-0.4258,1.5755,231.2012,66.6778,5.8708,Pass,626
0.615,2.5336,231.2012,67.8111,5.6773,Pass,627
0.0,-1.7327,231.2012,66.4444,5.9265,Pass,628
0.0,-5.1655,231.2012,69.4778,5.957,Pass,629
0.615,-5.0027,231.2012,67.6444,6.2772,Pass,630
0.0,-1.0082,231.2012,68.8778,6.0708,Pass,631
0.1892,2.0591,231.2012,69.2222,5.6631,Pass,632
0.0,-0.17,231.2012,69.1222,5.723,Pass,633
0.0,-1.8791,231.2012,69.8,5.6399,Pass,634
0.0473,53.6818,231.2012,68.6778,6.09,Fail,635
0.0,2.1145,231.2012,67.4778,6.1786,Pass,636
0.0,-0.9918,231.2012,69.4111,5.7143,Pass,637
0.0473,-0.8045,231.2012,67.9111,6.1287,Pass,638
0.0,0.5791,231.2012,68.1889,5.8077,Pass,639
0.0473,-4.8145,231.2012,69.0222,5.4046,Pass,640
0.0473,-0.0964,231.2012,68.3333,6.354,Pass,641
-0.9461,0.34,231.2012,68.7333,5.2238,Pass,642
0.0473,1.5127,231.2012,66.2778,6.4961,Pass,643
0.0,-19.9927,231.2012,66.7556,5.4082,Pass,644
-0.9461,0.0855,231.2012,64.1,6.0653,Pass,645
0.0,3.65,231.2012,68.4111,5.7741,Pass,646
0.0473,5.1,231.2012,68.5444,6.7454,Pass,647
1.939,2.4673,231.2012,69.5222,5.4168,Pass,648
0.2365,-2.6673,231.2012,66.9,5.6513,Pass,649
-0.9461,3.8,231.2012,69.2667,5.8848,Pass,650
0.0473,0.3418,231.2012,67.2111,5.6284,Pass,651
0.0473,0.23,231.2012,66.3889,5.9714,Pass,652
0.2365,-0.7482,231.2012,69.1,6.1884,Pass,653
0.2365,2.74,231.2012,68.7,6.232,Pass,654
0.0473,0.1491,231.2012,69.2444,5.6739,Pass,655
-0.8042,1.4982,231.2012,66.3111,6.8363,Pass,656
0.0473,-0.3518,231.2012,68.0333,6.4137,Pass,657
0.4258,1.7991,231.2012,68.1333,5.6688,Pass,658
1.939,-1.71,231.2012,71.3556,5.7864,Pass,659
0.0473,2.1918,231.2012,69.8222,5.4827,Pass,660
1.939,-0.2282,231.2012,68.9778,5.3561,Pass,661
1.939,-2.7427,231.2012,67.9556,6.2209,Pass,662
0.4258,1.0336,231.2012,67.0222,6.5621,Pass,663
0.0473,-1.2336,231.2012,69.5444,5.6324,Pass,664
-0.615,3.9309,231.2012,70.6222,6.3707,Pass,665
1.939,3.1845,231.2012,69.1444,7.1628,Pass,666
-0.8042,3.5264,231.2012,67.9333,4.6328,Pass,667
1.939,0.8764,231.2012,69.3333,6.5683,Pass,668
0.4258,-1.9682,231.2012,66.9889,7.4635,Pass,669
-0.9461,3.2964,231.2012,66.6,5.7283,Pass,670
0.2365,4.3818,231.2012,69.1111,5.4181,Pass,671
-0.1419,0.5082,231.2012,69.9,6.2989,Pass,672
0.0473,0.4373,231.2012,66.7,6.4175,Pass,673
-0.615,-0.6609,231.2012,68.1111,6.5332,Pass,674
0.2365,2.5055,231.2012,74.6667,7.2215,Pass,675
-0.615,0.4027,231.2012,68.3333,5.0057,Pass,676
1.939,-1.2973,231.2012,67.7556,4.4843,Pass,677
0.0473,4.4827,231.2012,69.4778,5.4552,Pass,678
0.4258,0.3036,231.2012,69.6333,6.3964,Pass,679
-0.615,2.5718,231.2012,67.2778,6.57,Pass,680
-0.615,-0.0555,231.2012,70.0556,6.2269,Pass,681
-0.615,-0.4455,231.2012,67.7444,5.3724,Pass,682
-0.615,-1.1582,231.2012,70.0222,5.6406,Pass,683
-0.615,-0.4073,231.2012,70.1,5.8332,Pass,684
-0.1419,0.1155,231.2012,69.4222,7.5303,Pass,685
-0.615,-8.64,231.2012,68.7333,5.2204,Pass,686
0.4258,3.19,231.2012,69.4,6.2613,Pass,687
0.4258,-2.0836,231.2012,67.9778,5.9629,Pass,688
-0.615,-1.1527,231.2012,69.5889,5.2162,Pass,689
0.0473,2.99,231.2012,65.9111,5.0532,Pass,690
0.4258,1.5582,231.2012,69.8444,5.9053,Pass,691
0.0473,-0.5464,231.2012,68.1667,6.4715,Pass,692
-0.4731,2.8618,231.2012,69.8,6.549,Pass,693
0.0473,-4.4482,231.2012,66.6778,6.724,Pass,694
1.939,2.43,231.2012,68.9444,6.1488,Pass,695
-0.4731,1.17,231.2012,66.1778,6.3433,Pass,696
0.2365,-1.93,231.2012,70.4111,5.5841,Pass,697
0.0473,2.6373,231.2012,68.7222,5.2818,Pass,698
0.2365,3.4827,231.2012,67.6111,6.1437,Pass,699
-0.4731,2.0173,231.2012,68.2556,4.6202,Pass,700
0.7569,1.5527,231.2012,59.9667,4.6827,Pass,701
-0.4731,-8.6982,231.2012,72.2667,4.7052,Pass,702
-0.4731,-2.3391,231.2012,69.2,6.1435,Pass,703
0.7569,4.1782,231.2012,70.3,6.7404,Pass,704
-0.4731,4.1455,231.2012,67.7556,6.5758,Pass,705
0.7569,4.0555,231.2012,69.2667,5.5267,Pass,706
0.2365,1.54,231.2012,68.7,6.5531,Pass,707
0.0473,2.8627,231.2012,68.3222,5.045,Pass,708
1.939,1.7755,231.2012,65.8556,6.7019,Pass,709
0.7569,16.6491,231.2012,67.5,5.2334,Fail,710
-0.4731,1.9255,231.2012,67.3889,5.4746,Pass,711
-0.5204,-1.3727,231.2012,69.7778,5.802,Pass,712
0.7569,2.6218,231.2012,68.7667,6.9764,Pass,713
-0.1892,-0.7782,231.2012,67.8556,5.1135,Pass,714
0.0473,-0.3918,231.2012,68.3778,5.6784,Pass,715
0.0473,-0.9691,231.2012,74.1333,5.5702,Pass,716
0.4258,5.0955,231.2012,69.1444,5.2581,Pass,717
0.0473,-1.1173,231.2012,69.6111,5.9137,Pass,718
0.0473,3.3364,231.2012,72.9,5.9788,Pass,719
0.4258,0.9827,231.2012,70.6,7.4488,Pass,720
-0.5204,-0.6727,231.2012,74.5222,5.988,Pass,721
0.0946,-0.7891,231.2012,74.2222,5.1461,Pass,722
0.0473,1.7618,231.2012,74.1333,5.9455,Pass,723
0.0946,2.4582,231.2012,73.9778,6.1671,Pass,724
0.0946,2.9373,231.2012,66.7333,6.3738,Pass,725
0.0946,1.9491,231.2012,67.2444,6.8891,Pass,726
1.04,-1.4191,231.2012,66.0889,6.6799,Pass,727
0.0946,0.2527,231.2012,68.7,4.8681,Pass,728
0.0946,1.5927,231.2012,68.4778,6.0304,Pass,729
0.0946,1.1845,231.2012,66.1444,5.1183,Pass,730
0.0946,-1.5764,231.2012,71.5778,5.9451,Pass,731
0.0,-0.2718,231.2012,68.5444,5.6306,Pass,732
0.0,-2.0291,231.2012,74.1778,6.7291,Pass,733
0.0,3.5355,231.2012,66.2889,5.57,Pass,734
0.0,0.8236,231.2012,74.5444,5.5964,Pass,735
0.6623,-2.5836,231.2012,68.1,5.7088,Pass,736
0.0,3.4491,231.2012,74.3333,5.4266,Pass,737
0.0,1.0518,231.2012,74.2333,5.1335,Pass,738
0.0,3.4391,231.2012,74.2778,5.4492,Pass,739
0.2838,-1.89,231.2012,71.4,5.8554,Pass,740
0.0473,1.1627,231.2012,74.4444,5.1306,Pass,741
0.0473,-0.3236,231.2012,68.9556,6.6782,Pass,742
0.0473,2.1645,231.2012,74.9111,6.0185,Pass,743
0.2838,-1.9891,231.2012,71.6889,6.0701,Pass,744
0.0473,-0.2482,231.2012,71.1333,5.9776,Pass,745
0.0473,-1.6436,231.2012,73.7,5.4022,Pass,746
0.0473,5.1773,231.2012,73.3,5.8757,Pass,747
0.2838,5.8045,231.2012,66.8222,6.0902,Pass,748
0.2838,-2.3691,231.2012,66.6889,5.4572,Pass,749
0.0473,5.9491,231.2012,74.6111,5.643,Pass,750
0.1419,5.4964,231.2012,75.9111,4.642,Pass,751
0.1419,4.1464,231.2012,74.9667,5.0675,Pass,752
0.1419,3.8164,231.2012,69.1556,5.5321,Pass,753
0.1419,2.7582,231.2012,66.4,6.3173,Pass,754
0.1419,-3.0355,231.2012,66.0556,5.1808,Pass,755
0.1419,-1.0991,231.2012,68.0556,5.4346,Pass,756
0.2838,-0.9045,231.2012,69.3667,5.4403,Pass,757
0.2838,0.0282,231.2012,73.3778,6.7423,Pass,758
0.1419,-2.1173,231.2012,68.1444,5.8922,Pass,759
0.2838,-3.1518,231.2012,66.3778,8.4508,Pass,760
0.2838,-1.4173,231.2012,75.8111,5.4323,Pass,761
0.2838,0.8536,231.2012,65.9444,5.6452,Pass,762
0.2838,-0.1391,231.2012,73.3556,5.3831,Pass,763
0.2838,-1.9982,231.2012,76.8556,5.2257,Pass,764
0.2838,0.5564,231.2012,76.4222,4.2563,Pass,765
0.1419,-0.2418,231.2012,71.2889,8.1605,Pass,766
0.0,-1.7136,231.2012,73.3333,5.5502,Pass,767
0.0,-1.3073,231.2012,71.4444,6.2418,Pass,768
0.2838,0.8827,231.2012,74.2889,5.4597,Pass,769
0.2838,3.2655,231.2012,67.4778,6.0589,Pass,770
0.2838,1.0673,231.2012,72.3778,5.4158,Pass,771
0.1419,-0.1773,231.2012,73.1222,5.6363,Pass,772
0.0473,3.0791,231.2012,75.0,5.8868,Pass,773
0.0473,3.6664,230.7648,75.2222,5.2999,Pass,774
0.0473,4.0555,231.2012,71.6333,5.7105,Pass,775
-0.3784,-3.2082,231.2012,74.3,5.1408,Pass,776
0.0473,-2.1182,231.2012,72.7556,5.119,Pass,777
0.0473,0.4855,231.2012,75.0,4.8482,Pass,778
0.0473,0.3391,231.2012,72.6778,5.4988,Pass,779
-0.3784,1.4345,231.2012,72.7444,6.1477,Pass,780
0.0,1.8164,231.2012,75.2444,5.7979,Pass,781
-0.3784,0.56,231.0005,72.6222,5.029,Pass,782
0.0473,-1.1427,231.2012,76.3556,5.472,Pass,783
-0.3784,5.4718,230.8342,75.2667,5.5698,Pass,784
-0.3784,-4.6736,231.2012,72.0778,5.6868,Pass,785
0.0473,1.2691,231.2012,72.3,5.5802,Pass,786
0.0,1.6309,231.2012,73.6889,5.5936,Pass,787
0.0,3.1382,231.2012,67.5333,5.7609,Pass,788
0.0473,1.91,231.2012,72.9333,5.5644,Pass,789
0.0473,4.3955,231.2012,71.0333,6.4329,Pass,790
0.0473,2.1173,232.8372,74.4667,5.7019,Pass,791
0.0,2.3855,231.2012,73.2778,5.558,Pass,792
0.0473,1.2882,231.2012,72.4333,5.3749,Pass,793
0.0,3.9027,231.2012,75.4556,5.6221,Pass,794
-0.3784,-2.5482,231.2012,72.9333,4.904,Pass,795
0.0473,1.5218,231.2012,74.6889,5.8638,Fail,796
0.0473,-0.8736,231.2012,67.2778,4.6235,Pass,797
-0.3784,1.7073,231.2012,68.6111,6.0207,Fail,798
-0.1419,2.1982,231.2012,70.9778,5.8384,Pass,799
-1.135,2.4218,232.183,69.5222,5.6986,Pass,800
-0.1419,4.9555,231.2012,72.8778,5.7798,Pass,801
-1.135,1.8709,231.2012,67.0111,7.4754,Pass,802
-0.1419,0.7355,231.2012,73.3444,6.5044,Pass,803
-0.5677,1.2809,231.2012,72.5444,6.2122,Pass,804
-0.5677,5.5318,231.6354,75.3333,5.3513,Pass,805
-0.1419,-3.1227,231.8442,67.4111,5.5427,Pass,806
-0.1419,6.1855,230.2179,73.6778,5.9816,Pass,807
-0.5677,1.9936,232.6656,75.3667,5.7628,Pass,808
-1.135,0.2436,231.2012,72.8556,5.383,Pass,809
-0.5677,2.9073,231.2012,75.2333,4.3798,Pass,810
-0.5677,0.3491,231.2012,70.0111,5.8604,Pass,811
-1.135,1.1136,231.817,75.7222,5.3527,Pass,812
-1.135,1.3009,232.7604,75.0889,5.6737,Pass,813
-0.8988,2.1918,232.1684,73.1222,5.5559,Pass,814
-0.8988,0.94725,231.2012,71.8556,5.6552,Pass,815
-1.135,0.1809,231.2012,73.7222,4.5473,Pass,816
-1.135,0.7482,232.4745,74.0111,5.1075,Pass,817
-0.5677,2.5491,232.265,75.6222,5.66,Pass,818
-0.5677,-0.6645,231.2012,73.0556,5.5983,Pass,819
-0.8988,6.1882,231.2012,71.4667,6.0917,Pass,820
-0.1419,4.6209,231.9206,74.4778,5.4544,Pass,821
-0.4258,3.0345,232.7865,73.5667,4.7851,Pass,822
-0.8988,-4.2064,232.3812,70.4778,6.1271,Pass,823
-0.5677,6.1727,232.7902,74.8556,5.7073,Pass,824
-0.4258,7.3164,232.4497,74.5778,6.3023,Pass,825
-0.4258,4.5918,231.2012,70.1556,5.7703,Pass,826
-1.135,3.2273,231.725,65.8,5.7088,Fail,827
-0.4258,6.6827,231.2012,71.0333,6.2277,Pass,828
-0.4258,-4.6636,231.2012,67.9889,4.5792,Pass,829
-0.8988,3.5945,231.2012,70.1667,5.966,Pass,830
-0.4258,2.4182,232.4647,75.4333,5.96,Pass,831
-0.1419,4.6209,231.2012,71.3222,5.9229,Fail,832
0.0,2.2336,232.4957,73.4778,5.5864,Pass,833
0.0,5.2064,231.1416,73.6111,6.2473,Pass,834
0.0,-0.5718,231.2012,66.7889,5.009,Pass,835
0.0,7.0273,232.4033,70.3,5.2684,Pass,836
0.7096,2.1145,231.2012,72.6222,5.1897,Pass,837
0.0,2.1973,231.2012,74.5889,6.2556,Pass,838
0.7096,4.9118,233.3418,70.9889,5.1057,Pass,839
0.7096,4.8127,231.2012,72.3444,5.6728,Pass,840
0.7096,4.4445,231.2012,75.6778,6.7223,Pass,841
0.7096,5.6155,231.2012,75.0889,7.4824,Pass,842
0.7096,2.8136,233.0776,68.4889,6.2503,Pass,843
0.7096,3.9527,231.6601,74.0,5.7861,Pass,844
0.0,3.4482,231.2012,74.5556,5.4498,Pass,845
-1.229,1.3445,231.4772,72.9222,5.6354,Pass,846
0.0,0.94725,231.8164,69.5222,5.5089,Pass,847
0.4731,0.9591,232.9873,70.9,6.3258,Pass,848
-0.4731,5.3191,231.2012,73.2111,6.9993,Pass,849
-0.4731,-2.1555,231.2012,75.9,5.987,Pass,850
-0.8515,1.7627,232.9699,74.5333,6.4893,Pass,851
-0.8515,1.9273,231.2012,74.8667,7.5497,Pass,852
-0.0946,1.2327,232.3505,72.6333,5.4225,Pass,853
-0.8515,5.4209,231.5115,67.3,5.9794,Pass,854
0.7096,5.0818,231.2012,71.4333,5.792,Pass,855
-0.0946,5.5109,232.1854,73.9889,5.9043,Pass,856
0.7096,-0.07,231.2012,69.2222,6.443,Pass,857
0.4731,0.5609,231.2012,67.6556,6.1051,Pass,858
-0.5677,5.5964,231.9341,74.1222,5.8955,Pass,859
-0.5677,5.3973,231.2018,75.4,5.9968,Pass,860
-0.5677,2.3182,231.8884,70.7,5.6932,Pass,861
-0.5677,6.0773,231.2012,75.1889,6.7406,Pass,862
-0.5677,4.3136,231.2012,74.0333,6.9159,Pass,863
-0.1419,-2.3509,231.2012,67.2889,5.5576,Pass,864
-0.5677,1.1618,233.0205,75.1667,5.8683,Pass,865
-0.8988,0.5764,231.2012,71.5111,6.3499,Pass,866
-0.1419,6.8491,231.2012,68.3111,5.9756,Pass,867
0.0,-0.7245,231.2012,72.3444,4.3803,Pass,868
-0.8988,-0.2227,232.6113,73.1333,5.5404,Pass,869
-0.1419,5.9155,231.2012,74.2667,6.0134,Pass,870
-0.1419,2.4209,231.8302,70.7778,5.915,Pass,871
-0.1419,13.5518,232.1388,73.4111,6.8253,Fail,872
-0.8988,3.0945,231.1495,73.1222,5.7734,Pass,873
-0.1419,-1.2336,231.2012,68.8444,7.0915,Pass,874
-1.56,4.4409,231.2012,75.7556,6.0475,Pass,875
-0.8988,-4.6109,231.2012,66.0222,4.7402,Pass,876
-1.56,1.89,231.2012,68.6444,6.4735,Pass,877
0.0,0.4527,231.2012,73.4333,6.5385,Pass,878
-1.56,-0.2036,231.2012,72.3444,6.2248,Pass,879
-1.56,-3.7536,230.9564,71.9444,6.4957,Pass,880
0.0,-3.9045,231.794,71.6556,7.536,Pass,881
-1.56,-2.81,231.2012,75.5222,5.1985,Pass,882
-1.56,-2.6109,231.6966,75.5889,5.8323,Pass,883
-0.5677,-2.6273,231.2012,67.3889,5.3998,Pass,884
0.0,5.4709,231.2012,74.9111,6.1519,Pass,885
0.0473,0.5218,231.9003,72.2778,6.104,Pass,886
0.0,4.3982,231.2012,71.1222,6.3857,Pass,887
0.0473,0.5518,231.2012,72.6778,6.4843,Pass,888
0.0473,1.4418,230.6417,72.4333,5.3579,Pass,889
0.0473,-2.5955,231.2012,70.2111,5.6441,Pass,890
0.0473,-4.9018,231.2012,70.0222,5.3963,Pass,891
0.0,0.7636,231.2012,67.5556,5.8226,Pass,892
-0.4258,-2.7845,230.9602,69.0556,6.0259,Pass,893
0.0,-2.4709,232.2063,68.8667,6.9644,Pass,894
0.0,-3.2718,231.5783,75.3556,6.0242,Pass,895
0.0,2.1136,231.2012,70.3556,5.315,Pass,896
0.0,3.9291,231.7783,72.5778,6.3005,Pass,897
0.0473,-0.5336,231.057,70.5111,6.0726,Pass,898
0.0473,-1.1836,231.2012,75.9444,5.1511,Pass,899
-0.5677,5.7945,232.116,72.8667,6.5033,Pass,900
-1.608,-4.9682,231.2012,74.1222,5.9198,Pass,901
0.0473,-0.9136,231.2012,73.6111,5.9107,Pass,902
-1.608,-3.65,230.6108,73.3778,5.9777,Pass,903
-1.608,-2.5345,231.3647,70.3111,5.5803,Pass,904
-0.4258,0.86,231.5242,67.0889,5.7839,Pass,905
-0.4258,-3.4991,231.2012,73.7556,6.2725,Pass,906
0.0473,-5.2327,231.2012,69.9222,6.7203,Pass,907
-1.608,-1.79,231.372,72.3778,6.1788,Pass,908
-1.608,1.0309,231.2012,70.0111,6.6719,Pass,909
-1.608,-4.0109,231.6155,73.7667,6.0738,Pass,910
-0.4258,1.4727,231.2012,65.0778,4.5335,Pass,911
-1.135,-1.2427,231.2012,65.7,5.4705,Pass,912
-1.135,2.4845,231.2012,72.2667,5.2121,Pass,913
-1.135,0.79,231.2012,63.0333,4.423,Pass,914
0.0,5.6618,232.4229,66.3111,6.2036,Fail,915
-1.797,-2.4345,230.3208,69.3,7.6774,Pass,916
-1.797,-1.4027,230.6411,67.6333,5.4441,Pass,917
-1.797,-4.5936,230.363,69.8667,6.1794,Pass,918
-1.797,-0.3309,231.2351,67.8111,5.7652,Pass,919
-1.797,2.6718,231.2269,66.0111,5.764,Pass,920
-3.496,4.9845,232.1231,73.9333,5.7709,Pass,921
-3.496,-3.4445,229.7201,73.2333,5.9415,Pass,922
-3.496,2.2855,231.724,72.4778,5.5605,Pass,923
-3.496,22.4673,234.2427,72.3556,4.9316,Pass,924
-0.4258,6.5645,232.0147,72.4889,4.4655,Fail,925
-1.135,-4.6227,231.0371,75.0444,5.3685,Pass,926
0.0,5.5455,231.8066,66.2,6.3218,Fail,927
-3.496,-2.1518,231.2012,73.1333,6.7794,Pass,928
-3.496,6.25,231.2012,72.1,5.4697,Pass,929
-1.135,3.2509,230.9114,69.0556,5.8371,Fail,930
-3.025,0.9909,231.5534,75.3889,5.5692,Pass,931
-3.025,-3.8655,231.2012,70.3556,4.5618,Pass,932
-3.025,-0.75,230.7885,67.7556,5.4452,Pass,933
-1.135,0.2745,230.8617,70.9667,5.9651,Pass,934
-3.496,-5.9273,231.0702,68.1667,5.538,Pass,935
-3.496,-2.9209,232.1192,71.2111,5.5445,Pass,936
-3.496,-3.74,231.2012,75.5556,6.2653,Pass,937
-3.025,-0.0691,231.2012,70.3444,4.9591,Pass,938
-3.025,5.1136,232.1302,70.1222,5.0749,Pass,939
-3.025,1.7082,231.2012,76.1667,5.0656,Pass,940
-1.702,1.5555,231.2551,71.4333,5.2879,Pass,941
-3.025,1.3136,231.2012,63.7889,4.9325,Pass,942
-3.496,-1.0182,231.2012,68.2,5.0135,Pass,943
-2.647,-0.9945,231.2012,71.5444,5.7735,Pass,944
-3.025,-0.9236,231.3926,66.9889,5.4381,Pass,945
-3.732,-0.6609,231.2012,62.2889,4.7264,Pass,946
-3.732,-0.1918,231.7204,74.1556,5.5402,Pass,947
-3.732,-2.2818,230.6089,66.8667,5.7814,Pass,948
-3.496,-5.9336,231.2012,71.6444,4.492,Pass,949
-3.732,5.7182,231.2012,68.7778,5.5603,Pass,950
-3.732,-5.1255,231.2012,74.1111,6.1328,Pass,951
-3.732,-2.1309,231.2906,71.6444,5.6093,Pass,952
-2.647,0.42,231.6751,72.7667,5.6325,Pass,953
-3.591,-1.1945,230.4244,72.7778,5.2014,Pass,954
-3.025,-3.5291,231.2012,65.0889,5.0479,Pass,955
-3.732,-3.4291,230.8541,72.3889,5.8914,Pass,956
-2.647,-2.1709,230.7699,70.5111,6.7152,Pass,957
-2.647,-5.9573,229.8065,74.7778,4.5082,Pass,958
-3.732,-1.0464,231.2012,72.3222,5.6386,Pass,959
-3.591,4.2391,231.2946,76.4667,5.3222,Pass,960
-3.591,-1.6873,231.2012,68.3667,8.9893,Pass,961
-3.591,1.0145,231.2012,71.1667,5.547,Pass,962
-3.591,-0.8727,232.196,73.1556,5.6351,Pass,963
-2.647,-4.2364,231.2012,68.0778,5.8253,Pass,964
-3.779,-5.1391,231.2012,65.6,5.9498,Pass,965
-3.779,1.54,231.2034,73.3778,6.4716,Pass,966
-3.732,0.1082,231.2012,65.6889,4.5917,Pass,967
-3.591,-1.67,231.4798,76.6333,4.8494,Pass,968
-3.779,-4.89,231.2012,72.1889,5.9451,Pass,969
-3.591,-6.5282,231.0996,74.3444,5.7907,Pass,970
-2.647,7.03,231.2012,69.6333,5.5763,Pass,971
-3.779,-2.6355,231.2012,65.0778,4.9426,Pass,972
-2.647,1.3936,231.2012,66.8222,5.5793,Pass,973
-3.591,-3.7045,230.8255,73.3667,5.0433,Pass,974
-3.779,-0.45,232.7603,67.8778,5.053,Pass,975
-3.779,-1.4564,231.2012,63.8222,5.7032,Pass,976
-3.591,-2.6364,231.41,70.7556,6.2211,Pass,977
-2.647,3.9818,231.2012,65.9667,6.4328,Pass,978
-3.591,-4.2327,230.7662,68.0222,6.3413,Pass,979
-3.779,-0.8045,230.8775,69.1778,5.1675,Pass,980
-3.591,-0.0164,231.9249,71.0778,4.6711,Pass,981
-3.591,0.7827,231.2012,68.9,6.1941,Pass,982
-3.591,-0.4409,231.254,72.2889,7.227,Pass,983
-3.591,2.1136,230.7905,75.0111,4.9302,Pass,984
-3.591,-1.66,230.725,68.5111,6.3559,Pass,985
-2.647,3.0982,233.0361,67.9778,6.0793,Pass,986
-3.732,1.4009,230.7768,70.0667,5.01,Pass,987
-3.732,1.1855,231.2012,64.5889,5.7919,Pass,988
-3.591,-2.6655,230.3665,68.1222,5.5972,Pass,989
-3.591,-1.31,231.347,76.1778,5.2156,Pass,990
-3.732,-3.8836,231.2012,64.9222,5.7186,Pass,991
-3.591,-1.5945,232.0542,76.5556,7.523,Pass,992
-3.732,-1.7155,231.2012,70.1333,5.4893,Pass,993
-3.732,-3.2882,231.2012,69.6778,5.8043,Pass,994
-3.732,-2.9182,229.5256,69.6556,5.7743,Pass,995
-2.647,0.94725,232.5124,76.2444,6.0257,Pass,996
-3.732,-3.0882,231.2012,69.9444,6.9567,Pass,997
-3.732,-0.0045,232.7397,73.7667,5.2657,Pass,998
-3.732,-5.8564,230.4731,68.5556,5.7617,Pass,999
-3.732,3.9673,231.2012,66.0333,5.5414,Pass,1000
-3.543,0.7,229.9405,75.7778,5.0174,Pass,1001
-3.543,-6.6618,231.2012,73.1222,5.7831,Pass,1002
-3.543,2.6345,231.2012,72.2444,5.241,Pass,1003
-3.543,-0.6327,230.4574,68.1111,6.2417,Pass,1004
-3.543,-5.8818,231.2012,70.2444,6.4591,Pass,1005
-2.93,-2.2636,228.9896,71.9444,5.4689,Pass,1006
-3.543,0.7382,230.0627,76.9333,5.1729,Pass,1007
0.0,4.9082,231.2012,70.7111,6.3015,Pass,1008
-2.93,-1.1764,231.2012,61.2111,4.7149,Pass,1009
-2.93,-3.1182,231.2012,64.6556,7.4906,Pass,1010
-2.93,-2.5191,230.1673,74.7778,5.7958,Pass,1011
-3.166,-0.9,231.2012,63.4444,5.391,Pass,1012
-3.543,2.23,232.0898,66.4333,5.353,Pass,1013
-3.166,-1.0909,231.5329,67.1111,6.9877,Pass,1014
-3.449,-6.0845,231.2012,72.3222,6.6364,Pass,1015
-2.93,0.4382,231.2012,64.1778,5.0402,Pass,1016
-3.449,2.6227,230.8162,69.1,6.7165,Pass,1017
-3.449,-6.3391,231.2012,68.6667,5.3239,Pass,1018
-3.449,-2.67,231.2012,74.9333,5.9385,Pass,1019
-3.543,-2.3891,231.1627,65.2778,4.3686,Pass,1020
-2.789,-3.9218,230.8181,67.2111,6.8358,Pass,1021
-2.789,-5.52,230.3848,68.8111,5.8981,Pass,1022
-2.93,-0.0636,231.2142,67.5222,6.3318,Pass,1023
-2.93,-1.5991,231.0765,71.5889,4.8858,Pass,1024
-2.789,-2.2191,230.8972,69.0889,5.0736,Pass,1025
0.0,2.9864,231.2012,72.1111,7.5929,Pass,1026
-3.119,0.2464,231.4234,68.5444,5.1716,Pass,1027
-3.119,0.7136,230.9235,76.9667,4.8051,Pass,1028
-3.119,-3.9555,231.9234,66.7778,7.894,Pass,1029
0.0,0.5609,231.2012,66.3222,7.0939,Fail,1030
0.0946,-2.5682,229.6881,67.5333,5.538,Pass,1031
0.0946,-1.2991,230.262,68.9333,6.189,Pass,1032
0.0946,-2.7282,230.7163,71.3667,5.8075,Pass,1033
-3.119,-5.4691,230.8897,72.9333,5.7673,Pass,1034
-3.119,-2.1,231.2012,69.1444,5.8274,Pass,1035
0.0946,-1.9827,229.5698,67.5222,5.5213,Pass,1036
0.0,-1.0545,231.2012,74.0111,6.654,Pass,1037
0.0,-3.2055,231.2012,73.5222,6.1787,Pass,1038
0.0946,1.4609,231.2012,69.1222,5.5305,Pass,1039
-2.789,-3.1227,231.2012,67.2889,5.1815,Pass,1040
-3.449,-3.7509,231.2012,69.4222,6.1863,Pass,1041
-2.93,-3.2945,230.798,69.3222,6.5968,Pass,1042
-3.449,-1.56,231.2012,69.9,6.1318,Pass,1043
-2.364,-1.0409,231.2012,65.6444,5.6454,Pass,1044
-2.364,-1.24,230.8773,73.8333,7.0986,Pass,1045
-2.364,-4.4882,230.796,66.9333,5.7942,Pass,1046
0.0,1.4409,231.2082,72.0,5.464,Pass,1047
-3.779,-0.0509,230.9903,71.4889,5.371,Pass,1048
-3.543,1.7318,231.2581,68.2444,7.3335,Pass,1049
0.0,-0.2436,231.2012,72.7111,5.3134,Pass,1050
0.0,0.38,231.2433,76.8778,5.039,Pass,1051
-3.779,-2.1409,229.5661,68.1111,6.5589,Pass,1052
-3.119,-2.0655,231.1648,71.9111,3.6378,Pass,1053
-3.119,-4.3955,231.5832,72.4,4.8406,Pass,1054
-2.364,-1.9291,231.1006,67.6,6.2695,Pass,1055
-2.364,-4.6591,231.2012,74.4889,6.3735,Pass,1056
0.0,-0.5327,232.0005,70.5333,5.115,Pass,1057
-3.779,-1.0827,230.7623,69.6111,6.9613,Pass,1058
-3.779,-0.3727,231.2012,73.5889,6.2445,Pass,1059
0.0,-1.0473,231.4669,71.4111,5.1909,Pass,1060
-2.364,0.9736,231.5667,72.6778,5.187,Pass,1061
-3.119,-3.9509,230.2233,73.1111,5.7221,Pass,1062
0.0,1.0027,230.6949,72.2333,4.6087,Fail,1063
0.0,2.8109,231.1908,73.9778,6.1564,Pass,1064
-3.779,-3.6145,231.2012,74.0556,4.8866,Pass,1065
-3.119,-5.76,230.7214,67.4444,4.741,Pass,1066
-1.939,-1.6109,231.2012,73.8889,5.6492,Pass,1067
-2.93,2.32,231.2012,66.8,6.9572,Pass,1068
-2.553,-1.2491,231.2012,74.3222,6.2034,Pass,1069
-2.033,0.1873,230.0474,69.4222,7.5845,Pass,1070
-2.553,4.8791,230.7904,72.0333,6.6877,Pass,1071
-3.072,-2.0209,229.8592,72.8,7.3463,Pass,1072
-2.505,-0.7391,230.0992,74.4111,7.0614,Pass,1073
-2.458,-2.8727,230.006,67.3778,5.4235,Pass,1074
-2.553,2.6036,231.8408,73.8778,7.635,Pass,1075
-2.458,-5.9418,231.2012,67.7222,6.4645,Pass,1076
-2.553,-4.9891,231.2012,69.7667,6.202,Pass,1077
-2.6,-2.9718,230.7281,71.8444,6.2383,Pass,1078
-2.222,-0.9364,230.0787,71.8,6.5571,Pass,1079
-2.175,1.1673,230.2478,74.0444,5.6573,Pass,1080
-2.175,0.6009,229.3225,66.2444,7.1218,Pass,1081
-2.08,2.6473,231.2012,76.0667,4.8007,Pass,1082
-2.6,0.5364,229.6664,72.3333,5.4703,Pass,1083
-2.505,-2.5036,230.6866,67.2333,9.8724,Pass,1084
-2.08,-0.6327,231.2012,70.8667,5.1895,Pass,1085
-2.553,0.77,229.5403,75.1667,5.1206,Pass,1086
-2.505,-3.1818,230.9846,68.7667,5.9905,Pass,1087
-2.505,-0.8436,231.3062,66.6111,4.9533,Pass,1088
-2.175,-2.2409,229.2661,71.5222,6.8771,Pass,1089
-2.175,2.2982,231.2012,67.2778,6.0821,Pass,1090
-2.08,-3.1255,231.219,68.6111,5.4758,Pass,1091
-2.647,-1.1727,229.9408,67.4667,7.9436,Pass,1092
-2.647,1.2955,230.2951,75.8,5.7108,Pass,1093
-2.647,-2.9727,229.0039,73.7222,7.0117,Pass,1094
-2.647,4.3955,230.6393,73.0556,6.2214,Pass,1095
-2.647,-3.4964,230.6196,68.6778,7.0989,Pass,1096
-3.025,-3.2155,229.0796,71.9333,4.9774,Pass,1097
-2.505,2.0282,231.2867,66.8222,5.6077,Pass,1098
-2.317,-3.6155,231.2012,67.7778,5.7218,Pass,1099
-2.505,-4.1018,230.3713,75.0,5.7514,Pass,1100
-2.647,0.1982,229.6713,72.7778,6.3682,Pass,1101
-1.797,-5.9682,232.0691,73.8333,5.4541,Pass,1102
-2.175,-1.4409,231.2012,70.8222,5.2888,Pass,1103
-2.175,-2.6709,231.2012,71.9667,5.6144,Pass,1104
-2.505,0.0327,231.2012,69.7889,5.3256,Pass,1105
-2.458,1.7018,231.2012,68.8444,5.3665,Pass,1106
-3.072,-3.3455,230.243,73.5778,7.0125,Pass,1107
-2.6,-2.4373,230.6319,67.5111,5.3753,Pass,1108
-1.797,-6.0455,230.8492,67.9444,5.7628,Pass,1109
-2.505,-3.2255,230.4973,68.5667,5.9209,Pass,1110
-2.553,-9.1,231.0144,71.9444,7.9693,Pass,1111
-2.6,2.2727,230.4954,73.5778,7.9929,Pass,1112
-3.025,-0.9536,231.207,76.7556,8.9384,Pass,1113
-2.6,-2.5027,230.0981,71.4667,6.6904,Pass,1114
-2.553,-3.8791,230.4362,72.3556,8.4224,Pass,1115
-3.025,-6.6409,230.1063,71.5222,5.959,Pass,1116
-1.939,-5.6945,230.3335,72.1222,5.1178,Pass,1117
-2.505,1.5927,231.2012,64.9778,6.1268,Pass,1118
-2.08,-2.5345,231.2012,69.5111,5.0342,Pass,1119
-2.458,-0.5955,230.735,68.2,4.8271,Pass,1120
-2.317,-4.7818,231.2012,72.4889,8.694,Pass,1121
-2.458,1.63,230.898,77.0889,5.3254,Pass,1122
-3.072,-0.4109,230.7788,67.0889,6.8109,Pass,1123
-2.08,-2.9573,231.2012,71.6,5.7176,Pass,1124
-2.08,-0.2136,230.8008,75.9556,5.7408,Pass,1125
-3.025,-1.6045,230.443,73.6222,5.6734,Pass,1126
-2.505,-0.0236,231.2012,69.3778,6.1394,Pass,1127
-3.072,-0.0882,230.5289,73.9667,5.3034,Pass,1128
-2.458,-0.5973,231.2012,72.9556,5.9205,Pass,1129
-2.647,-0.4682,229.4322,67.6889,7.5621,Pass,1130
-1.939,-4.7991,230.9711,71.4444,5.1986,Pass,1131
-2.458,-0.0073,229.4722,76.9,5.3762,Pass,1132
-2.08,-2.5436,230.3886,67.5667,4.7538,Pass,1133
-2.458,3.9982,230.4155,69.8556,5.5137,Pass,1134
-1.797,-0.5745,229.8905,67.0556,5.6927,Pass,1135
-2.175,-9.4318,231.2012,71.1889,6.5487,Pass,1136
-2.08,1.47,230.112,67.4778,5.8236,Pass,1137
-2.6,3.1645,229.9166,74.5333,5.504,Pass,1138
-2.317,-0.8173,231.2012,72.0222,5.7259,Pass,1139
-3.025,4.1655,231.2012,74.4444,5.7059,Pass,1140
-2.6,-4.15,231.2012,69.3667,2.7882,Pass,1141
-1.939,3.2173,231.2012,72.1889,5.2804,Pass,1142
-2.789,-2.9355,231.2543,67.3,7.4353,Pass,1143
-2.553,-4.4927,231.7058,67.2222,7.3851,Pass,1144
-2.08,-5.3318,229.9851,75.9444,6.1345,Fail,1145
-2.458,-0.2627,231.2012,68.1333,5.2551,Pass,1146
-2.08,-4.8382,230.9926,72.4333,5.7305,Pass,1147
-2.458,-1.02,231.2012,66.7889,6.0894,Pass,1148
-2.789,-0.5045,230.5603,76.8778,5.337,Pass,1149
0.0473,-0.1545,230.3738,69.8,6.9441,Pass,1150
-3.072,-1.6864,230.9311,74.1889,7.6239,Pass,1151
-2.789,-0.8218,230.4791,72.4667,5.5772,Fail,1152
-2.647,1.6336,231.2012,72.2667,4.987,Pass,1153
-2.647,-1.4973,231.2012,70.1333,6.2342,Pass,1154
-1.986,4.0809,232.0602,75.8667,6.0733,Pass,1155
-2.647,2.8464,231.2788,69.1556,9.2524,Pass,1156
-2.647,3.6536,231.2414,67.8222,7.7119,Pass,1157
0.0473,-1.4355,230.3052,71.5,7.3664,Pass,1158
0.0473,-0.7155,231.2012,67.3778,5.9531,Pass,1159
-2.789,0.3209,231.2012,75.6556,4.6893,Pass,1160
-2.553,-4.4109,230.123,68.0444,6.3011,Pass,1161
-2.789,-5.7473,231.2012,72.8778,5.9758,Pass,1162
-2.458,-0.0945,229.7295,67.9,6.8762,Pass,1163
-1.986,2.0909,231.1299,67.9444,7.487,Pass,1164
-2.033,-0.1464,230.266,67.6333,6.7264,Pass,1165
-2.647,1.1473,231.7339,76.0222,5.2282,Pass,1166
-2.694,-1.9382,231.2012,71.1778,7.5017,Pass,1167
-2.033,3.5436,231.2012,68.3778,6.6434,Pass,1168
-2.694,0.2073,230.6757,72.1222,6.8876,Pass,1169
0.0473,-0.1191,231.2012,73.0667,4.969,Pass,1170
-2.033,-1.8827,230.8541,69.2111,6.0932,Pass,1171
-2.789,3.3882,229.8001,67.9667,6.1193,Pass,1172
-2.694,4.5382,230.8403,74.8556,7.8772,Pass,1173
-1.655,0.4982,231.2012,75.2,8.3294,Pass,1174
0.0,4.0736,231.1533,66.2111,5.7489,Pass,1175
-2.222,1.4427,230.8962,73.9222,9.1287,Pass,1176
-2.222,1.0,230.6823,70.5444,5.043,Pass,1177
-2.222,-0.95,229.9963,69.0111,7.8025,Pass,1178
-2.458,-2.2364,231.2502,75.0444,5.8985,Pass,1179
-2.222,1.2236,230.0761,68.0111,7.2114,Pass,1180
-2.128,1.3555,230.3175,68.1778,7.8701,Pass,1181
-2.033,0.59,231.2012,74.4444,7.8792,Pass,1182
-2.742,4.5355,231.3437,74.9,7.6471,Pass,1183
-2.694,-2.3364,229.7028,73.1556,6.5217,Pass,1184
-1.088,-10.4455,229.5871,67.1222,6.4408,Pass,1185
-2.742,-2.9491,229.4757,66.6333,5.2397,Fail,1186
-2.222,0.4782,231.2012,75.5556,5.6335,Pass,1187
-2.694,1.4055,231.2012,72.6111,5.6146,Pass,1188
-1.939,-7.0082,231.2012,71.0667,5.93,Pass,1189
-2.742,1.9336,229.5324,74.4667,7.201,Fail,1190
0.0473,6.3491,231.2012,68.0889,5.7386,Pass,1191
-2.033,6.2755,229.7219,71.4111,5.0043,Pass,1192
0.0,5.6364,231.5371,72.7222,6.0739,Pass,1193
-2.6,-3.7791,231.2012,72.2889,6.0095,Pass,1194
-2.742,-1.9482,229.388,75.8889,7.2899,Pass,1195
-1.088,1.3282,230.2042,75.6556,7.782,Pass,1196
-2.6,0.1536,230.4657,72.7778,5.8572,Pass,1197
-2.128,-1.3127,230.5538,68.3556,7.6472,Pass,1198
-2.08,-1.86,230.3423,77.3444,8.0229,Pass,1199
-2.789,3.4318,230.1152,75.2556,6.3314,Pass,1200
0.0473,3.1764,231.2012,75.3667,7.3032,Pass,1201
-2.694,-2.3591,231.2012,68.2,6.1464,Pass,1202
-2.742,2.3418,230.8918,76.3222,6.91,Pass,1203
0.0473,-6.0255,230.6575,74.0111,5.4995,Pass,1204
-2.789,0.1973,230.347,68.7667,5.336,Pass,1205
-3.072,2.0673,231.6451,73.5,5.3866,Pass,1206
-2.553,0.94725,230.8293,72.6,8.1861,Pass,1207
-2.789,0.2355,230.6535,66.2111,6.932,Pass,1208
-2.317,-3.01,229.6625,75.2667,5.1052,Pass,1209
-2.694,1.28,231.2012,68.0667,7.9906,Pass,1210
-2.128,2.2009,230.5115,69.1556,5.8383,Pass,1211
-1.939,-3.0055,231.2012,70.8667,6.2505,Fail,1212
-0.2365,-1.0982,231.1025,73.2,5.1073,Pass,1213
-0.2365,-2.0309,229.9596,75.3222,5.8705,Pass,1214
-0.2365,-6.6464,231.2012,70.9778,6.035,Pass,1215
-0.2365,-0.5455,231.2012,69.7778,5.3896,Pass,1216
-0.2365,-7.1518,231.2012,67.1667,5.3458,Pass,1217
0.0,-6.3845,230.7069,69.6333,4.6711,Pass,1218
-0.2365,-0.1545,231.2012,74.0667,6.3852,Pass,1219
-3.072,-1.4327,229.9286,67.2667,5.7741,Pass,1220
0.0,-5.65,231.2012,73.0556,4.8158,Pass,1221
0.2838,0.6573,231.2012,73.8111,7.7816,Pass,1222
0.2838,-1.9727,229.4251,74.0667,5.9509,Pass,1223
0.2838,5.0691,230.0099,67.4444,6.2114,Pass,1224
0.9934,-0.5127,229.0343,67.7889,5.049,Pass,1225
0.9934,4.1591,230.1725,67.3889,6.1122,Pass,1226
0.9934,3.1373,230.6661,73.5222,4.8794,Pass,1227
0.2838,3.8682,231.2012,71.4889,4.9534,Fail,1228
-0.1419,-5.4145,229.118,70.0444,6.715,Pass,1229
-0.1419,-0.6818,230.239,68.0778,6.2991,Pass,1230
-0.1419,4.6891,231.2012,72.4667,8.0684,Pass,1231
0.9934,0.7736,232.0558,75.9667,8.6759,Pass,1232
0.2838,-0.7109,231.2012,67.1667,7.3623,Pass,1233
-0.1419,3.1527,231.2012,68.4556,6.9611,Pass,1234
0.2838,0.94725,229.3505,69.5333,6.0254,Pass,1235
1.513,-3.8864,231.2012,74.5444,5.3752,Pass,1236
-0.1419,-6.8764,230.0803,70.9556,6.6633,Pass,1237
-0.1419,-0.3955,231.2012,67.0222,5.1124,Pass,1238
0.9934,0.1364,229.9273,71.8778,6.3654,Fail,1239
-0.1419,0.5536,229.672,76.3333,7.0671,Pass,1240
-0.1419,3.2573,231.2012,68.2,7.8759,Pass,1241
0.9934,0.8527,231.132,70.5556,7.2906,Fail,1242
0.2838,-5.7091,230.3813,68.0778,5.2764,Fail,1243
1.419,3.0718,230.2582,73.6667,4.7517,Pass,1244
1.419,4.9382,230.0509,69.0667,5.1804,Pass,1245
-2.033,2.8727,229.6766,69.9333,7.259,Pass,1246
0.5204,-0.63,229.8057,71.8333,7.4976,Pass,1247
1.419,-1.4355,229.6064,68.4333,8.2179,Pass,1248
1.419,3.7136,229.5737,73.6889,5.6708,Pass,1249
1.419,1.04,231.2012,72.3778,7.7467,Pass,1250
1.513,-3.0909,230.5468,68.7222,5.5404,Pass,1251
1.419,-1.41,229.3401,70.1667,7.9791,Pass,1252
1.513,-0.0182,230.2548,73.2778,5.4564,Pass,1253
0.5204,2.9282,229.0942,68.4333,5.4921,Pass,1254
0.5204,3.8882,229.1286,67.8,5.7088,Fail,1255
0.5204,-3.5727,230.4868,70.8444,8.666,Pass,1256
1.419,0.1627,228.9898,68.2444,7.4082,Pass,1257
0.5204,1.7909,229.6872,70.0222,7.3295,Pass,1258
0.5204,-2.4818,231.1511,72.0111,5.1999,Pass,1259
-0.5204,0.67,230.4166,70.2556,5.31,Pass,1260
-0.5204,1.7273,230.7479,67.4222,5.821,Pass,1261
1.419,1.8609,230.7053,74.6556,4.9588,Pass,1262
0.5204,2.5055,231.2012,73.9,8.2205,Pass,1263
1.419,1.9764,231.2006,71.6,6.9554,Pass,1264
1.419,3.3064,230.2185,68.0,5.3497,Pass,1265
1.419,-2.1009,230.2861,67.9222,5.5107,Pass,1266
1.419,0.7864,230.5229,70.1778,5.4234,Pass,1267
0.5204,0.9573,230.7703,68.5889,5.8239,Pass,1268
0.5204,0.2236,230.4809,72.9667,6.8055,Pass,1269
0.9461,3.4845,230.4825,68.7111,6.6303,Pass,1270
-0.7569,-0.1891,230.0881,72.7556,7.1829,Pass,1271
-0.7569,-5.55,230.0959,70.5333,5.9541,Pass,1272
-1.83,0.7955,230.3553,67.6889,5.9205,Pass,1273
2.458,1.5036,231.2012,69.4222,5.4847,Pass,1274
2.458,-0.3445,231.2012,67.5556,7.0692,Pass,1275
2.458,-7.1427,231.2012,68.0,6.2691,Pass,1276
2.458,-4.72,231.2012,70.2333,7.0345,Pass,1277
2.458,0.9427,231.2012,70.4222,6.8448,Pass,1278
1.419,1.8782,231.2012,74.7111,7.4313,Pass,1279
-1.83,-3.3427,230.7452,68.6111,7.6062,Pass,1280
-1.83,0.6855,230.3523,69.4111,4.9729,Pass,1281
-0.5204,-3.6036,230.1141,69.5222,6.4635,Pass,1282
-1.83,1.1991,230.0355,74.0889,5.2453,Pass,1283
0.9461,1.5882,233.1638,69.3778,5.7796,Pass,1284
-0.5204,-6.0636,230.3337,72.2778,5.8805,Pass,1285
0.9461,2.5855,229.7192,71.1,7.5545,Pass,1286
-0.5204,-1.8809,230.2954,68.7889,3.2548,Pass,1287
0.1419,-3.7773,231.2012,68.8556,5.1468,Pass,1288
-0.9934,-2.1464,235.5401,66.2889,6.5791,Pass,1289
-0.5204,0.8045,234.7806,70.3889,6.0393,Pass,1290
-0.9934,-1.3618,231.2012,70.4667,5.3109,Pass,1291
-0.9934,-3.1382,231.2012,72.5556,4.7086,Pass,1292
0.9461,0.3245,229.5651,68.1333,7.257,Pass,1293
0.9461,-9.7682,231.1098,71.1,6.3956,Pass,1294
-1.83,2.6991,229.5599,74.3111,5.9684,Pass,1295
0.1419,-3.7073,230.6631,76.2333,7.8776,Pass,1296
-0.5204,-2.6564,229.6407,69.9556,6.3991,Pass,1297
0.9461,-7.87,230.2059,67.9889,5.0304,Pass,1298
0.1419,-1.99,231.2012,69.6222,5.4252,Pass,1299
-0.7569,-5.8855,230.1143,69.2889,8.2363,Pass,1300
-1.83,4.3618,231.2018,68.3667,7.8763,Pass,1301
-0.9934,-7.6655,230.6737,68.5667,6.4221,Pass,1302
-1.83,1.1655,230.1829,65.0889,5.669,Fail,1303
-0.7569,8.1455,229.8595,66.0111,5.7746,Fail,1304
0.1419,1.6482,229.9475,70.6444,5.6479,Pass,1305
-0.7569,-1.4227,229.9184,67.1444,4.9714,Pass,1306
-0.7569,0.0955,230.306,69.2667,8.5157,Pass,1307
-0.5204,7.1009,230.3024,70.3667,5.9591,Pass,1308
0.2365,1.5273,234.5427,71.1556,8.0688,Pass,1309
-0.7569,1.8582,229.7866,73.1444,5.7646,Pass,1310
0.2365,0.2336,231.2012,68.6222,6.0147,Pass,1311
-0.5204,1.0482,229.0755,70.5778,7.0488,Pass,1312
0.2365,-1.03,231.2012,69.0111,7.1241,Pass,1313
0.2365,-1.0445,231.2012,70.6778,5.6802,Pass,1314
0.2365,0.5982,229.7769,69.0333,5.3937,Pass,1315
-0.8042,0.4264,231.2012,70.5333,5.9246,Pass,1316
-0.8042,1.3255,231.2012,67.8556,7.9193,Pass,1317
0.1419,-3.4191,230.7168,72.8556,5.9569,Pass,1318
-0.8042,0.1773,231.2012,68.6111,7.8425,Pass,1319
-0.5204,-1.7336,229.937,71.7889,4.649,Pass,1320
0.1419,-6.74,230.0055,69.2444,6.1771,Pass,1321
0.1419,-3.1927,230.5875,73.0778,4.475,Pass,1322
-0.8042,2.7927,230.9354,73.1222,5.3451,Pass,1323
-0.8042,3.64,231.2012,71.0889,7.9278,Pass,1324
-0.5204,1.0691,230.278,75.2333,4.8521,Fail,1325
1.419,-1.8736,229.8462,70.6667,5.6345,Fail,1326
-0.7569,5.7309,230.5933,70.9444,4.0778,Pass,1327
2.458,-4.0527,230.0576,69.9556,5.8493,Fail,1328
1.419,-2.5418,230.1094,71.0667,4.8906,Fail,1329
0.0,-6.6455,230.5591,70.0778,5.6453,Fail,1330
-0.8042,1.0518,231.2012,70.3556,4.0382,Pass,1331
-1.277,-0.81,231.2012,69.0333,4.5788,Pass,1332
-1.277,-5.1491,230.3861,74.3778,6.5356,Pass,1333
-1.277,6.2636,231.2012,72.3667,7.2888,Pass,1334
-1.277,-4.8873,230.7694,72.0444,5.1937,Pass,1335
-0.615,-2.15,231.2012,74.8556,6.496,Pass,1336
1.655,-1.97,234.1873,74.9222,5.6848,Pass,1337
-0.615,0.7,231.2012,76.4889,8.5613,Pass,1338
-1.277,-2.7136,231.6601,74.0889,7.6071,Pass,1339
-0.615,-5.2427,230.5981,74.9556,7.017,Pass,1340
-0.615,-2.8055,236.2018,74.6,6.7837,Pass,1341
-0.615,-4.6582,235.9871,67.6333,8.7342,Pass,1342
-0.7569,-1.1455,230.8662,70.5444,7.5121,Fail,1343
-1.83,3.1336,230.0223,70.0444,4.8532,Fail,1344
1.655,3.6809,231.2012,70.4,7.285,Pass,1345
-0.615,5.17,232.4692,74.5333,7.2793,Pass,1346
-0.615,-1.2955,231.1461,70.8778,8.243,Pass,1347
-0.615,3.8109,231.2012,72.8444,6.8522,Pass,1348
-0.615,2.0509,231.2012,67.9778,6.612,Pass,1349
0.0,0.6327,232.1387,76.9333,6.9689,Pass,1350
0.0,1.7036,233.4548,75.8889,5.3636,Pass,1351
1.655,-1.7818,231.2544,76.3778,7.3056,Pass,1352
0.0,-2.2373,235.986,74.4444,6.4999,Pass,1353
1.655,-4.9627,235.3037,69.6667,6.999,Pass,1354
-1.229,-2.0327,235.1533,68.4556,8.1124,Pass,1355
0.0473,-1.8709,213.0083,76.6556,6.3841,Pass,1356
1.655,3.7555,231.2012,69.0333,7.7094,Pass,1357
-1.371,-4.8609,231.2012,74.0778,6.914,Pass,1358
0.0473,-0.1145,231.2012,70.1889,7.1176,Pass,1359
0.0,-3.9255,235.5251,69.9556,7.1302,Pass,1360
0.0,-3.54,235.2595,67.0889,6.3854,Pass,1361
0.0473,-5.68,235.796,71.0,5.896,Pass,1362
0.0473,2.4209,231.2012,73.3667,5.114,Pass,1363
0.2838,-0.3136,230.506,70.1556,8.8015,Fail,1364
1.419,-0.0345,230.9996,70.2556,5.3009,Fail,1365
-0.615,-1.2164,230.836,73.0778,5.2422,Fail,1366
0.0,1.8109,236.0212,75.5778,4.8013,Pass,1367
0.0,1.2109,233.1568,74.9556,6.5606,Pass,1368
0.0,-2.5945,235.4042,74.7,6.2475,Pass,1369
0.0,-2.91,235.6193,67.2,7.3243,Pass,1370
-0.8042,-3.2436,236.4012,76.3,7.1874,Pass,1371
0.0,-3.6345,235.5249,72.4222,5.8711,Pass,1372
-0.8042,-3.9927,233.1021,77.9,6.7416,Pass,1373
-0.8042,-2.3618,234.0042,67.0222,6.836,Pass,1374
0.0,4.7282,231.2012,69.1111,6.9325,Pass,1375
-0.8042,-3.1964,232.6209,68.4333,6.2762,Pass,1376
-0.8042,-1.5036,230.5484,73.3111,4.9589,Pass,1377
-0.8988,8.9964,232.0096,74.9778,6.9415,Pass,1378
-0.8988,-0.4109,231.2012,70.2222,6.1033,Pass,1379
-0.8988,-6.5027,231.2012,67.4778,5.3559,Pass,1380
-0.8042,-3.7673,233.6352,72.4556,9.4679,Pass,1381
-0.8988,3.3691,234.6786,74.0111,5.4071,Pass,1382
-0.8042,1.3355,236.1528,76.6556,4.8265,Pass,1383
-0.8988,-3.4327,235.5889,73.6222,8.5633,Pass,1384
-0.8042,-3.8691,235.29,73.1333,9.0982,Pass,1385
-0.8988,4.9336,234.7631,68.4111,5.8045,Pass,1386
-0.8042,1.1891,235.2579,69.8667,6.7082,Pass,1387
0.6623,-2.3109,230.5895,75.2889,7.4485,Pass,1388
0.6623,-3.0645,234.6844,76.6,6.8386,Pass,1389
0.5204,-1.99,234.388,76.5,7.5402,Pass,1390
0.6623,3.1727,232.87,68.6667,7.0465,Pass,1391
0.5204,1.8318,230.576,74.1667,7.3869,Pass,1392
0.5204,-4.9191,231.8142,74.8889,7.072,Pass,1393
0.6623,-2.3264,235.2476,76.0556,5.2364,Pass,1394
0.6623,-6.2591,235.184,75.3556,7.6422,Pass,1395
0.5204,-0.4636,235.2247,77.2222,4.5381,Pass,1396
0.3784,-0.28,234.3072,73.1778,8.1889,Pass,1397
0.6623,4.7382,234.5986,70.4333,7.6719,Pass,1398
0.5204,-6.4945,235.8347,68.9,7.5794,Pass,1399
0.5204,-3.9618,235.3275,77.1222,5.6581,Pass,1400
0.2838,-2.49,229.9524,68.7,5.4164,Fail,1401
0.5204,-0.5345,235.8061,68.8667,8.7276,Pass,1402
0.5204,-7.8145,234.2517,74.6111,7.6173,Pass,1403
0.3784,-2.9791,233.6595,73.3556,7.2437,Pass,1404
-0.3311,0.3173,233.1173,68.2444,7.6902,Pass,1405
0.3784,-3.4618,236.0951,74.1444,6.2287,Pass,1406
-0.3311,-3.4391,235.0947,74.1,7.0636,Pass,1407
0.3784,-3.5573,234.879,75.4444,7.3566,Pass,1408
0.3784,2.6827,236.4145,70.7667,4.9049,Pass,1409
-1.466,1.7791,235.121,72.6222,6.7658,Pass,1410
0.3784,-1.4627,236.4353,72.9778,5.0517,Pass,1411
0.9461,-5.4282,230.0055,73.6222,6.9595,Pass,1412
-0.9461,-1.4609,234.7088,74.7222,7.7137,Pass,1413
-0.9461,-4.8009,229.6354,77.1222,6.2364,Pass,1414
0.0,-2.6682,234.4906,77.0556,5.584,Pass,1415
-0.9461,-2.2582,233.2372,72.2333,5.9525,Pass,1416
-0.3311,-1.8509,232.8823,73.8556,7.1604,Pass,1417
-0.9461,-1.97,234.0237,67.0111,7.1306,Pass,1418
-0.3311,-4.5718,236.4564,73.0667,8.1814,Pass,1419
-0.9461,-0.5655,229.7495,68.7556,6.0136,Pass,1420
0.0,-2.0991,234.0236,69.2222,6.1777,Pass,1421
0.0,-5.1618,230.9131,74.6667,7.2873,Pass,1422
-0.9461,1.7736,232.8699,70.7889,6.5287,Pass,1423
0.0,-0.3409,232.5484,72.6667,8.9079,Pass,1424
0.0,2.8236,231.2012,71.5556,7.6664,Pass,1425
0.0,3.6255,234.312,70.8889,8.1372,Pass,1426
0.0,0.2336,231.2012,67.4889,6.9544,Pass,1427
0.0,-5.8273,234.3276,67.7222,5.4969,Pass,1428
-0.9461,-3.4873,233.4868,69.4778,9.2888,Pass,1429
0.3784,-5.3264,234.4062,73.0667,7.4312,Pass,1430
0.0,-2.1264,231.2012,72.8556,6.7247,Pass,1431
0.0,-5.7373,230.3728,68.2667,6.9035,Pass,1432
0.2365,0.2055,235.1778,72.9778,4.9396,Pass,1433
-1.797,-2.8245,230.3673,74.2889,7.4528,Pass,1434
0.0,-4.9336,235.4864,67.4333,6.9694,Pass,1435
-0.3311,3.1427,234.8522,69.6556,6.58,Pass,1436
-0.9461,7.71,231.2086,67.7778,6.3838,Pass,1437
0.0,-3.1827,233.4095,74.5889,7.2913,Pass,1438
0.3784,-5.1645,234.0516,73.3778,5.0275,Fail,1439
0.0,-3.5064,235.1122,72.1111,8.0069,Pass,1440
0.0,-1.0455,235.1145,72.1889,6.2074,Pass,1441
0.0,-4.25,234.1348,74.8778,6.2117,Pass,1442
0.0,2.3091,235.6382,72.0556,6.3138,Pass,1443
-0.3311,-6.2473,234.7769,73.3,5.3692,Fail,1444
0.0,-2.5027,233.8565,70.5667,8.5495,Pass,1445
-0.4258,4.1691,234.1616,68.0889,8.6883,Pass,1446
-0.4258,-0.4491,231.2012,67.1222,5.9439,Pass,1447
-0.4258,-2.1136,234.1116,70.9778,6.6639,Pass,1448
-0.4258,-0.7664,235.3823,72.0667,5.3262,Pass,1449
-0.4258,0.4345,232.0585,69.2,7.3448,Pass,1450
-0.4258,2.9864,230.3584,69.3667,8.1537,Pass,1451
0.0,-3.7245,235.4429,69.8778,8.1594,Pass,1452
-0.0473,-1.4782,234.1467,72.9778,5.4125,Pass,1453
-0.8515,0.2945,230.5091,72.9778,6.2424,Pass,1454
-0.0473,5.6155,235.157,72.3889,5.0686,Pass,1455
-0.0473,5.5191,234.7677,74.4333,7.3597,Pass,1456
-0.0946,2.2618,234.3421,72.8222,6.9216,Pass,1457
-0.0473,2.3936,235.3019,74.3,8.0541,Pass,1458
-0.0946,-2.7973,231.2012,72.7111,6.6345,Pass,1459
-0.7096,-0.0864,231.2012,68.0778,3.8922,Pass,1460
-0.0473,-0.2491,231.1319,68.3111,4.9734,Pass,1461
-0.8042,-1.7909,234.6767,73.4444,7.2246,Pass,1462
-0.8042,1.6018,233.6489,69.6222,4.8429,Pass,1463
-0.8042,-2.8618,234.595,68.5556,5.4979,Pass,1464
-1.229,-10.68,234.7896,69.9,5.5075,Pass,1465
-1.229,-0.5591,233.4861,68.3667,5.7273,Pass,1466
-0.8042,-2.9609,234.4585,72.3222,7.597,Pass,1467
-0.0473,1.4791,232.8725,70.5,7.1279,Pass,1468
-1.229,1.2518,233.6314,70.3333,5.1882,Pass,1469
-0.0473,0.0064,236.3596,68.0889,6.3409,Pass,1470
-0.8042,2.1927,233.2187,72.6667,8.0469,Pass,1471
-0.1419,3.6664,233.4531,69.3778,5.6297,Pass,1472
-0.1419,1.4845,236.7825,69.9333,6.7492,Pass,1473
0.0,-5.0355,231.2012,70.4333,5.3448,Pass,1474
0.0,-3.1427,235.8434,74.7444,7.1847,Pass,1475
-1.088,-0.6236,234.0965,70.4444,6.1699,Pass,1476
0.0,-0.0445,235.9259,74.8111,7.5267,Pass,1477
-0.7569,-1.3327,230.5068,73.3667,6.7894,Pass,1478
-1.277,2.6991,234.858,74.4,8.2101,Pass,1479
-1.277,-2.5418,235.2841,72.1111,5.179,Pass,1480
-0.7569,-1.1236,235.3648,72.7444,6.2176,Pass,1481
-1.088,-0.9091,236.152,68.8778,5.9428,Pass,1482
-1.088,-1.7382,236.5564,69.8222,7.1458,Pass,1483
-1.088,0.2327,236.2167,73.2444,5.7606,Pass,1484
-1.088,-1.3018,235.6203,73.4,7.819,Pass,1485
-0.8988,-2.8845,235.5531,73.6444,6.4491,Pass,1486
-0.8988,-4.7682,229.3253,73.9444,6.3801,Pass,1487
-0.9934,3.3573,232.3314,72.1556,7.0746,Pass,1488
-0.8988,-2.6591,231.2012,72.6556,7.5973,Pass,1489
-0.8988,26.9709,231.1334,73.1111,8.0467,Pass,1490
-0.8988,0.6055,232.8404,73.6333,6.4327,Pass,1491
-0.8988,4.7545,231.698,72.0778,7.6244,Pass,1492
-0.9934,-0.2709,231.4318,72.5667,7.9792,Pass,1493
-1.277,-2.8555,233.4045,66.7222,5.6773,Pass,1494
-0.8988,3.8873,234.5297,74.3889,5.0034,Pass,1495
0.0,-3.2373,234.6103,71.1778,7.5403,Pass,1496
-0.8988,-1.1627,231.2012,71.2,6.354,Pass,1497
-0.8988,-0.7418,233.6651,73.2667,6.6487,Pass,1498
-1.277,-6.7227,236.8977,74.0444,7.5373,Pass,1499
-0.7709,0.4445,229.7291,72.4,6.7892,Pass,1500
-0.7709,-1.5091,233.962,69.9667,6.6894,Pass,1501
-0.7709,2.44,233.6373,73.9222,7.4166,Pass,1502
-0.7569,-3.45,233.0025,74.5889,7.5951,Pass,1503
-0.7709,4.9209,231.4562,74.1444,7.9323,Pass,1504
-0.0946,-4.6173,234.9736,73.5667,5.0832,Pass,1505
-0.0946,-1.65,235.8741,75.0333,6.444,Pass,1506
-0.7709,-2.9818,230.5713,73.0,6.3746,Pass,1507
0.6623,2.0318,229.5449,72.3,7.8022,Pass,1508
-0.0946,-0.2255,234.4015,73.4556,7.4119,Pass,1509
-0.1892,-2.0455,236.9546,72.0,6.0673,Pass,1510
0.6623,0.9027,234.7345,70.5111,5.366,Pass,1511
-0.8515,-4.8809,230.2753,71.9333,9.0924,Pass,1512
-0.9461,-3.88,233.3213,72.7556,7.4903,Pass,1513
0.6623,4.7573,230.6989,71.1444,7.1218,Pass,1514
-0.8515,-5.0918,231.2012,70.8778,6.8619,Pass,1515
-0.0946,-0.6345,234.7654,74.5778,7.9629,Pass,1516
0.6623,-4.7227,230.7003,73.6556,8.3869,Pass,1517
-0.0946,-2.0164,231.2012,72.2333,7.6205,Pass,1518
0.6623,-0.3773,233.5995,67.9,7.987,Pass,1519
0.3784,2.8691,231.2012,72.5,6.8321,Fail,1520
-0.0946,-3.9073,231.5241,72.7556,6.3454,Pass,1521
-0.7709,-2.0718,233.4207,71.3889,7.132,Pass,1522
0.0,1.3464,232.998,72.1556,6.7639,Pass,1523
-0.1892,-1.8045,233.4509,74.7778,6.6992,Pass,1524
-1.088,-4.4309,230.2672,72.9667,8.4078,Pass,1525
-1.088,-2.1155,234.2475,72.7889,5.7323,Pass,1526
-1.088,-3.6509,229.5486,71.7,6.2494,Pass,1527
-1.088,-2.5382,230.2986,74.3667,8.1182,Pass,1528
-0.0946,4.4209,231.0861,72.4889,9.2874,Pass,1529
-0.8988,0.5773,235.9131,75.5778,6.9072,Pass,1530
-0.9934,-0.1882,230.4112,72.2778,5.9,Pass,1531
-0.0946,-2.2382,230.3047,72.2667,5.7998,Pass,1532
-0.5677,-1.1655,235.5811,69.0222,5.8631,Pass,1533
-0.9934,-0.4527,231.2012,71.2556,5.8218,Pass,1534
-0.9934,-3.8991,235.7953,75.1778,5.4053,Pass,1535
-0.9934,1.5118,229.7296,75.1222,6.6226,Pass,1536
-0.9934,-2.3127,233.5418,74.4667,8.7002,Pass,1537
-0.5677,0.6482,229.1533,74.8556,5.8779,Pass,1538
-0.9934,-4.3518,234.2364,73.6,7.8757,Pass,1539
-0.9934,5.9282,234.2373,73.0222,5.5561,Pass,1540
-0.9934,5.6382,230.1842,72.2444,7.2133,Pass,1541
-0.9934,-3.1818,235.0965,73.2556,8.8926,Pass,1542
0.0,3.6809,231.3377,69.8111,4.8908,Pass,1543
0.0,5.6627,231.5951,70.2444,5.8961,Pass,1544
0.0,3.2882,229.9681,70.8333,5.3304,Pass,1545
0.0,4.6964,232.7766,72.8556,6.1135,Pass,1546
0.0,-2.4436,230.5905,71.0444,7.3467,Pass,1547
-0.5677,1.5645,234.9088,72.6,4.885,Pass,1548
0.0,2.9545,235.026,72.3444,5.8635,Pass,1549
-0.8515,-4.99,235.9079,73.2333,6.2058,Pass,1550
-0.5677,3.0682,231.9681,72.3333,7.3852,Pass,1551
0.0,2.9691,232.3159,73.1444,6.8537,Pass,1552
-0.1419,2.3318,232.7418,69.5,7.4274,Pass,1553
0.0,2.8009,232.4329,69.5889,5.7768,Pass,1554
-0.1419,1.5745,233.7235,72.4889,6.3127,Pass,1555
-0.1419,-2.7673,234.6291,73.2222,8.0658,Pass,1556
0.0,-2.3109,233.0269,71.9111,5.8205,Pass,1557
-0.1419,0.0627,234.4567,71.4222,5.5391,Pass,1558
-0.8515,5.9345,234.0278,72.3778,5.737,Pass,1559
-0.8515,-3.1909,230.3825,73.0222,8.7513,Pass,1560
-0.8515,3.4827,235.0169,66.6111,5.0416,Pass,1561
-0.1419,4.6227,232.7728,73.3444,7.0816,Pass,1562
0.0,2.8182,231.1404,71.1444,7.5769,Pass,1563
-0.1419,-3.3555,235.2582,72.8444,6.4134,Pass,1564
-0.1419,1.1664,231.2249,71.2667,6.9172,Pass,1565
-0.9934,4.4682,233.0335,70.5111,7.5822,Pass,1566
-0.1419,1.8718,231.3263,73.0667,8.3205,Pass,1567
